,date,time,comp,round,day,venue,result,gf,ga,opponent,gls,sh,sot,sot%,g/sh,g/sot,dist,fk,pk,pkatt,xg,npxg,npxg/sh,g-xg,np:g-xg,match report,season,team
0,2024-08-17,12:30,Premier League,Matchweek 1,Sat,Away,W,2.0,0.0,Ipswich Town,2,18.0,5.0,27.8,0.11,0.4,14.8,0.0,0,0,2.6,2.6,0.15,-0.6,-0.6,Match Report,2025,Liverpool
1,2024-08-25,16:30,Premier League,Matchweek 2,Sun,Home,W,2.0,0.0,Brentford,2,19.0,8.0,42.1,0.11,0.25,13.6,1.0,0,0,2.5,2.5,0.14,-0.5,-0.5,Match Report,2025,Liverpool
2,2024-09-01,16:00,Premier League,Matchweek 3,Sun,Away,W,3.0,0.0,Manchester Utd,3,11.0,3.0,27.3,0.27,1.0,13.4,0.0,0,0,1.8,1.8,0.16,1.2,1.2,Match Report,2025,Liverpool
3,2024-09-14,15:00,Premier League,Matchweek 4,Sat,Home,L,0.0,1.0,Nott'ham Forest,0,14.0,5.0,35.7,0.0,0.0,14.9,0.0,0,0,0.9,0.9,0.07,-0.9,-0.9,Match Report,2025,Liverpool
4,2024-09-17,21:00,Champions Lg,League phase,Tue,Away,W,3.0,1.0,it Milan,3,23.0,11.0,47.8,0.13,0.27,15.7,1.0,0,0,3.1,3.1,0.14,-0.1,-0.1,Match Report,2025,Liverpool
5,2024-09-21,15:00,Premier League,Matchweek 5,Sat,Home,W,3.0,0.0,Bournemouth,3,19.0,12.0,63.2,0.16,0.25,16.6,0.0,0,0,2.0,2.0,0.11,1.0,1.0,Match Report,2025,Liverpool
6,2024-09-25,20:00,EFL Cup,Third round,Wed,Home,W,5.0,1.0,West Ham,5,21.0,11.0,52.4,0.24,0.45,,,0,0,,,,,,Match Report,2025,Liverpool
7,2024-09-28,17:30,Premier League,Matchweek 6,Sat,Away,W,2.0,1.0,Wolves,2,9.0,5.0,55.6,0.11,0.2,18.0,1.0,1,1,2.5,1.7,0.19,-0.5,-0.7,Match Report,2025,Liverpool
8,2024-10-02,20:00,Champions Lg,League phase,Wed,Home,W,2.0,0.0,it Bologna,2,9.0,4.0,44.4,0.22,0.5,15.4,0.0,0,0,1.2,1.2,0.13,0.8,0.8,Match Report,2025,Liverpool
9,2024-10-05,12:30,Premier League,Matchweek 7,Sat,Away,W,1.0,0.0,Crystal Palace,1,16.0,4.0,25.0,0.06,0.25,18.9,0.0,0,0,1.4,1.4,0.09,-0.4,-0.4,Match Report,2025,Liverpool
10,2024-10-20,16:30,Premier League,Matchweek 8,Sun,Home,W,2.0,1.0,Chelsea,2,8.0,4.0,50.0,0.13,0.25,22.7,1.0,1,1,1.9,1.1,0.14,0.1,-0.1,Match Report,2025,Liverpool
11,2024-10-23,21:00,Champions Lg,League phase,Wed,Away,W,1.0,0.0,de RB Leipzig,1,17.0,7.0,41.2,0.06,0.14,17.3,0.0,0,0,2.3,2.3,0.14,-1.3,-1.3,Match Report,2025,Liverpool
12,2024-10-27,16:30,Premier League,Matchweek 9,Sun,Away,D,2.0,2.0,Arsenal,2,9.0,4.0,44.4,0.22,0.5,17.8,0.0,0,0,0.8,0.8,0.09,1.2,1.2,Match Report,2025,Liverpool
13,2024-10-30,19:30,EFL Cup,Fourth round,Wed,Away,W,3.0,2.0,Brighton,3,11.0,7.0,63.6,0.27,0.43,,,0,0,,,,,,Match Report,2025,Liverpool
14,2024-11-02,15:00,Premier League,Matchweek 10,Sat,Home,W,2.0,1.0,Brighton,2,16.0,8.0,50.0,0.13,0.25,14.0,0.0,0,0,1.6,1.6,0.1,0.4,0.4,Match Report,2025,Liverpool
15,2024-11-05,20:00,Champions Lg,League phase,Tue,Home,W,4.0,0.0,de Leverkusen,4,22.0,8.0,36.4,0.18,0.5,15.8,1.0,0,0,3.7,3.7,0.17,0.3,0.3,Match Report,2025,Liverpool
16,2024-11-09,20:00,Premier League,Matchweek 11,Sat,Home,W,2.0,0.0,Aston Villa,2,14.0,5.0,35.7,0.14,0.4,16.1,0.0,0,0,2.0,2.0,0.14,0.0,0.0,Match Report,2025,Liverpool
17,2024-11-24,14:00,Premier League,Matchweek 12,Sun,Away,W,3.0,2.0,Southampton,3,26.0,10.0,38.5,0.08,0.2,18.2,1.0,1,1,3.1,2.3,0.09,-0.1,-0.3,Match Report,2025,Liverpool
18,2024-11-27,20:00,Champions Lg,League phase,Wed,Home,W,2.0,0.0,es Real Madrid,2,16.0,7.0,43.8,0.13,0.29,16.7,0.0,0,1,2.7,1.9,0.12,-0.7,0.1,Match Report,2025,Liverpool
19,2024-12-01,16:00,Premier League,Matchweek 13,Sun,Home,W,2.0,0.0,Manchester City,2,17.0,6.0,35.3,0.06,0.17,17.5,0.0,1,1,3.4,2.6,0.16,-1.4,-1.6,Match Report,2025,Liverpool
20,2024-12-04,19:30,Premier League,Matchweek 14,Wed,Away,D,3.0,3.0,Newcastle Utd,3,16.0,5.0,31.3,0.19,0.6,12.7,0.0,0,0,1.9,1.9,0.12,1.1,1.1,Match Report,2025,Liverpool
21,2024-12-10,18:45,Champions Lg,League phase,Tue,Away,W,1.0,0.0,es Girona,1,14.0,6.0,42.9,0.0,0.0,18.8,1.0,1,1,1.8,1.1,0.08,-0.8,-1.1,Match Report,2025,Liverpool
22,2024-12-14,15:00,Premier League,Matchweek 16,Sat,Home,D,2.0,2.0,Fulham,2,16.0,4.0,25.0,0.13,0.5,13.9,0.0,0,0,2.1,2.1,0.13,-0.1,-0.1,Match Report,2025,Liverpool
23,2024-12-18,20:00,EFL Cup,Quarter-finals,Wed,Away,W,2.0,1.0,Southampton,2,14.0,4.0,28.6,0.14,0.5,,,0,0,,,,,,Match Report,2025,Liverpool
24,2024-12-22,16:30,Premier League,Matchweek 17,Sun,Away,W,6.0,3.0,Tottenham,6,24.0,11.0,45.8,0.25,0.55,13.3,0.0,0,0,5.6,5.6,0.26,0.4,0.4,Match Report,2025,Liverpool
25,2024-12-26,20:00,Premier League,Matchweek 18,Thu,Home,W,3.0,1.0,Leicester City,3,19.0,7.0,36.8,0.16,0.43,15.3,0.0,0,0,2.0,2.0,0.11,1.0,1.0,Match Report,2025,Liverpool
26,2024-12-29,17:15,Premier League,Matchweek 19,Sun,Away,W,5.0,0.0,West Ham,5,22.0,13.0,59.1,0.23,0.38,15.8,0.0,0,0,3.1,3.1,0.14,1.9,1.9,Match Report,2025,Liverpool
27,2025-01-05,16:30,Premier League,Matchweek 20,Sun,Home,D,2.0,2.0,Manchester Utd,2,18.0,5.0,27.8,0.06,0.2,16.9,1.0,1,1,2.7,1.9,0.11,-0.7,-0.9,Match Report,2025,Liverpool
28,2025-01-08,20:00,EFL Cup,Semi-finals,Wed,Away,L,0.0,1.0,Tottenham,0,14.0,7.0,50.0,0.0,0.0,,,0,0,,,,,,Match Report,2025,Liverpool
29,2025-01-11,12:15,FA Cup,Third round proper,Sat,Home,W,4.0,0.0,Acc'ton Stanley,4,22.0,9.0,40.9,0.18,0.44,,,0,0,,,,,,Match Report,2025,Liverpool
30,2025-01-14,20:00,Premier League,Matchweek 21,Tue,Away,D,1.0,1.0,Nott'ham Forest,1,23.0,6.0,26.1,0.04,0.17,17.0,0.0,0,0,2.0,2.0,0.09,-1.0,-1.0,Match Report,2025,Liverpool
31,2025-01-18,15:00,Premier League,Matchweek 22,Sat,Away,W,2.0,0.0,Brentford,2,37.0,8.0,21.6,0.05,0.25,15.4,0.0,0,0,3.4,3.4,0.09,-1.4,-1.4,Match Report,2025,Liverpool
32,2025-01-21,20:00,Champions Lg,League phase,Tue,Home,W,2.0,1.0,fr Lille,2,13.0,7.0,53.8,0.15,0.29,15.8,0.0,0,0,2.5,2.5,0.19,-0.5,-0.5,Match Report,2025,Liverpool
33,2025-01-25,15:00,Premier League,Matchweek 23,Sat,Home,W,4.0,1.0,Ipswich Town,4,16.0,6.0,37.5,0.25,0.67,17.8,0.0,0,0,2.0,2.0,0.14,2.0,2.0,Match Report,2025,Liverpool
34,2025-01-29,21:00,Champions Lg,League phase,Wed,Away,L,2.0,3.0,nl PSV Eindhoven,2,8.0,4.0,50.0,0.13,0.25,19.0,0.0,1,1,1.6,0.8,0.11,0.4,0.2,Match Report,2025,Liverpool
35,2025-02-01,15:00,Premier League,Matchweek 24,Sat,Away,W,2.0,0.0,Bournemouth,2,18.0,6.0,33.3,0.06,0.17,18.5,0.0,1,1,2.5,1.7,0.1,-0.5,-0.7,Match Report,2025,Liverpool
36,,,,,,,--,,,,87,609.0,242.0,39.7,0.13,0.33,16.2,8.0,8,9,,,0.13,87.0,79.0,,2025,Liverpool
0,2024-08-17,15:00,Premier League,Matchweek 1,Sat,Home,W,2,0,Wolves,2,18.0,6.0,33.3,0.11,0.33,17.3,0.0,0,0,1.2,1.2,0.07,0.8,0.8,Match Report,2025,Arsenal
1,2024-08-24,17:30,Premier League,Matchweek 2,Sat,Away,W,2,0,Aston Villa,2,9.0,4.0,44.4,0.22,0.5,18.8,0.0,0,0,0.9,0.9,0.1,1.1,1.1,Match Report,2025,Arsenal
2,2024-08-31,12:30,Premier League,Matchweek 3,Sat,Home,D,1,1,Brighton,1,11.0,7.0,63.6,0.09,0.14,12.9,0.0,0,0,2.1,2.1,0.2,-1.1,-1.1,Match Report,2025,Arsenal
3,2024-09-15,14:00,Premier League,Matchweek 4,Sun,Away,W,1,0,Tottenham,1,7.0,4.0,57.1,0.14,0.25,12.1,0.0,0,0,0.7,0.7,0.11,0.3,0.3,Match Report,2025,Arsenal
4,2024-09-19,21:00,Champions Lg,League phase,Thu,Away,D,0,0,it Atalanta,0,6.0,2.0,33.3,0.0,0.0,14.9,1.0,0,0,0.8,0.8,0.13,-0.8,-0.8,Match Report,2025,Arsenal
5,2024-09-22,16:30,Premier League,Matchweek 5,Sun,Away,D,2,2,Manchester City,2,5.0,3.0,60.0,0.4,0.67,11.3,0.0,0,0,0.7,0.7,0.13,1.3,1.3,Match Report,2025,Arsenal
6,2024-09-25,19:45,EFL Cup,Third round,Wed,Home,W,5,1,Bolton,5,21.0,8.0,38.1,0.24,0.63,,,0,0,,,,,,Match Report,2025,Arsenal
7,2024-09-28,15:00,Premier League,Matchweek 6,Sat,Home,W,4,2,Leicester City,3,35.0,16.0,45.7,0.09,0.19,14.1,0.0,0,0,4.4,4.4,0.14,-1.4,-1.4,Match Report,2025,Arsenal
8,2024-10-01,20:00,Champions Lg,League phase,Tue,Home,W,2,0,fr Paris S-G,2,6.0,5.0,83.3,0.33,0.4,15.7,1.0,0,0,0.7,0.7,0.12,1.3,1.3,Match Report,2025,Arsenal
9,2024-10-05,15:00,Premier League,Matchweek 7,Sat,Home,W,3,1,Southampton,3,29.0,6.0,20.7,0.1,0.5,14.6,0.0,0,0,2.8,2.8,0.1,0.2,0.2,Match Report,2025,Arsenal
10,2024-10-19,17:30,Premier League,Matchweek 8,Sat,Away,L,0,2,Bournemouth,0,6.0,1.0,16.7,0.0,0.0,15.1,0.0,0,0,0.7,0.7,0.12,-0.7,-0.7,Match Report,2025,Arsenal
11,2024-10-22,20:00,Champions Lg,League phase,Tue,Home,W,1,0,ua Shakhtar,0,12.0,4.0,33.3,0.0,0.0,16.0,0.0,0,1,1.8,1.0,0.09,-1.8,-1.0,Match Report,2025,Arsenal
12,2024-10-27,16:30,Premier League,Matchweek 9,Sun,Home,D,2,2,Liverpool,2,9.0,3.0,33.3,0.22,0.67,14.1,0.0,0,0,0.9,0.9,0.1,1.1,1.1,Match Report,2025,Arsenal
13,2024-10-30,19:45,EFL Cup,Fourth round,Wed,Away,W,3,0,Preston,3,18.0,10.0,55.6,0.17,0.3,,,0,0,,,,,,Match Report,2025,Arsenal
14,2024-11-02,12:30,Premier League,Matchweek 10,Sat,Away,L,0,1,Newcastle Utd,0,10.0,0.0,0.0,0.0,,14.9,0.0,0,0,1.1,1.1,0.11,-1.1,-1.1,Match Report,2025,Arsenal
15,2024-11-06,21:00,Champions Lg,League phase,Wed,Away,L,0,1,it Inter,0,20.0,4.0,20.0,0.0,0.0,14.6,0.0,0,0,1.8,1.8,0.09,-1.8,-1.8,Match Report,2025,Arsenal
16,2024-11-10,16:30,Premier League,Matchweek 11,Sun,Away,D,1,1,Chelsea,1,13.0,3.0,23.1,0.08,0.33,16.3,0.0,0,0,1.5,1.5,0.12,-0.5,-0.5,Match Report,2025,Arsenal
17,2024-11-23,15:00,Premier League,Matchweek 12,Sat,Home,W,3,0,Nott'ham Forest,3,19.0,6.0,31.6,0.16,0.5,17.7,0.0,0,0,1.2,1.2,0.06,1.8,1.8,Match Report,2025,Arsenal
18,2024-11-26,20:00,Champions Lg,League phase,Tue,Away,W,5,1,pt Sporting CP,5,12.0,8.0,66.7,0.33,0.5,14.6,0.0,1,1,4.0,3.2,0.27,1.0,0.8,Match Report,2025,Arsenal
19,2024-11-30,17:30,Premier League,Matchweek 13,Sat,Away,W,5,2,West Ham,5,14.0,5.0,35.7,0.21,0.6,15.4,1.0,2,2,3.5,2.0,0.14,1.5,1.0,Match Report,2025,Arsenal
20,2024-12-04,20:15,Premier League,Matchweek 14,Wed,Home,W,2,0,Manchester Utd,2,14.0,6.0,42.9,0.14,0.33,11.0,0.0,0,0,2.1,2.1,0.15,-0.1,-0.1,Match Report,2025,Arsenal
21,2024-12-08,14:00,Premier League,Matchweek 15,Sun,Away,D,1,1,Fulham,1,12.0,4.0,33.3,0.08,0.25,12.2,0.0,0,0,1.8,1.8,0.17,-0.8,-0.8,Match Report,2025,Arsenal
22,2024-12-11,20:00,Champions Lg,League phase,Wed,Home,W,3,0,fr Monaco,3,16.0,8.0,50.0,0.19,0.38,14.2,0.0,0,0,2.3,2.3,0.14,0.7,0.7,Match Report,2025,Arsenal
23,2024-12-14,15:00,Premier League,Matchweek 16,Sat,Home,D,0,0,Everton,0,13.0,5.0,38.5,0.0,0.0,13.0,0.0,0,0,1.2,1.2,0.09,-1.2,-1.2,Match Report,2025,Arsenal
24,2024-12-18,19:30,EFL Cup,Quarter-finals,Wed,Home,W,3,2,Crystal Palace,3,12.0,9.0,75.0,0.25,0.33,,,0,0,,,,,,Match Report,2025,Arsenal
25,2024-12-21,17:30,Premier League,Matchweek 17,Sat,Away,W,5,1,Crystal Palace,5,14.0,6.0,42.9,0.36,0.83,11.5,0.0,0,0,2.5,2.5,0.21,2.5,2.5,Match Report,2025,Arsenal
26,2024-12-27,20:15,Premier League,Matchweek 18,Fri,Home,W,1,0,Ipswich Town,1,13.0,5.0,38.5,0.08,0.2,15.7,1.0,0,0,1.8,1.8,0.14,-0.8,-0.8,Match Report,2025,Arsenal
27,2025-01-01,17:30,Premier League,Matchweek 19,Wed,Away,W,3,1,Brentford,3,14.0,4.0,28.6,0.21,0.75,14.7,0.0,0,0,1.9,1.9,0.14,1.1,1.1,Match Report,2025,Arsenal
28,2025-01-04,17:30,Premier League,Matchweek 20,Sat,Away,D,1,1,Brighton,1,9.0,3.0,33.3,0.11,0.33,15.3,0.0,0,0,0.9,0.9,0.1,0.1,0.1,Match Report,2025,Arsenal
29,2025-01-07,20:00,EFL Cup,Semi-finals,Tue,Home,L,0,2,Newcastle Utd,0,23.0,3.0,13.0,0.0,0.0,,,0,0,,,,,,Match Report,2025,Arsenal
30,2025-01-12,15:00,FA Cup,Third round proper,Sun,Home,D,1 (3),1 (5),Manchester Utd,1,26.0,7.0,26.9,0.04,0.14,,,0,1,,,,,,Match Report,2025,Arsenal
31,2025-01-15,20:00,Premier League,Matchweek 21,Wed,Home,W,2,1,Tottenham,1,14.0,4.0,28.6,0.07,0.25,15.2,0.0,0,0,1.4,1.4,0.1,-0.4,-0.4,Match Report,2025,Arsenal
32,2025-01-18,17:30,Premier League,Matchweek 22,Sat,Home,D,2,2,Aston Villa,2,18.0,6.0,33.3,0.11,0.33,15.5,0.0,0,0,1.3,1.3,0.07,0.7,0.7,Match Report,2025,Arsenal
33,2025-01-22,20:00,Champions Lg,League phase,Wed,Home,W,3,0,hr Dinamo Zagreb,3,17.0,4.0,23.5,0.18,0.75,11.4,0.0,0,0,2.4,2.4,0.15,0.6,0.6,Match Report,2025,Arsenal
34,2025-01-25,15:00,Premier League,Matchweek 23,Sat,Away,W,1,0,Wolves,1,9.0,3.0,33.3,0.11,0.33,14.8,1.0,0,0,1.0,1.0,0.11,0.0,0.0,Match Report,2025,Arsenal
35,2025-01-29,21:00,Champions Lg,League phase,Wed,Away,W,2,1,es Girona,2,14.0,4.0,28.6,0.07,0.25,19.3,0.0,1,2,2.1,0.5,0.04,-0.1,0.5,Match Report,2025,Arsenal
36,2025-02-02,16:30,Premier League,Matchweek 24,Sun,Home,W,5,1,Manchester City,5,12.0,7.0,58.3,0.42,0.71,15.8,0.0,0,0,1.0,1.0,0.08,4.0,4.0,Match Report,2025,Arsenal
37,2025-02-05,20:00,EFL Cup,Semi-finals,Wed,Away,L,0,2,Newcastle Utd,0,11.0,3.0,27.3,0.0,0.0,,,0,0,,,,,,Match Report,2025,Arsenal
38,,,,,,,--,,,,74,541.0,196.0,36.2,0.13,0.36,14.7,5.0,4,7,,,0.12,74.0,70.0,,2025,Arsenal
0,2024-08-17,15:00,Premier League,Matchweek 1,Sat,Home,D,1,1,Bournemouth,1,14.0,8.0,57.1,0.07,0.13,19.2,0.0,0,0,1.3,1.3,0.1,-0.3,-0.3,Match Report,2025,Nottingham Forest
1,2024-08-24,15:00,Premier League,Matchweek 2,Sat,Away,W,1,0,Southampton,1,23.0,8.0,34.8,0.04,0.13,17.2,0.0,0,0,2.2,2.2,0.11,-1.2,-1.2,Match Report,2025,Nottingham Forest
2,2024-08-28,20:00,EFL Cup,Second round,Wed,Home,D,1 (3),1 (4),Newcastle Utd,1,12.0,3.0,25.0,0.08,0.33,,,0,0,,,,,,Match Report,2025,Nottingham Forest
3,2024-08-31,15:00,Premier League,Matchweek 3,Sat,Home,D,1,1,Wolves,1,16.0,5.0,31.3,0.06,0.2,14.6,1.0,0,0,1.0,1.0,0.06,0.0,0.0,Match Report,2025,Nottingham Forest
4,2024-09-14,15:00,Premier League,Matchweek 4,Sat,Away,W,1,0,Liverpool,1,5.0,3.0,60.0,0.2,0.33,18.6,0.0,0,0,0.4,0.4,0.09,0.6,0.6,Match Report,2025,Nottingham Forest
5,2024-09-22,14:00,Premier League,Matchweek 5,Sun,Away,D,2,2,Brighton,2,3.0,2.0,66.7,0.33,0.5,17.4,0.0,1,1,1.4,0.6,0.21,0.6,0.4,Match Report,2025,Nottingham Forest
6,2024-09-28,15:00,Premier League,Matchweek 6,Sat,Home,L,0,1,Fulham,0,11.0,1.0,9.1,0.0,0.0,19.3,0.0,0,0,0.8,0.8,0.07,-0.8,-0.8,Match Report,2025,Nottingham Forest
7,2024-10-06,14:00,Premier League,Matchweek 7,Sun,Away,D,1,1,Chelsea,1,16.0,9.0,56.3,0.06,0.11,20.2,2.0,0,0,0.9,0.9,0.05,0.1,0.1,Match Report,2025,Nottingham Forest
8,2024-10-21,20:00,Premier League,Matchweek 8,Mon,Home,W,1,0,Crystal Palace,1,20.0,6.0,30.0,0.05,0.17,18.0,0.0,0,0,1.7,1.7,0.09,-0.7,-0.7,Match Report,2025,Nottingham Forest
9,2024-10-25,20:00,Premier League,Matchweek 9,Fri,Away,W,3,1,Leicester City,3,20.0,5.0,25.0,0.15,0.6,21.6,1.0,0,0,1.7,1.7,0.09,1.3,1.3,Match Report,2025,Nottingham Forest
10,2024-11-02,15:00,Premier League,Matchweek 10,Sat,Home,W,3,0,West Ham,3,19.0,6.0,31.6,0.16,0.5,18.7,1.0,0,0,2.2,2.2,0.11,0.8,0.8,Match Report,2025,Nottingham Forest
11,2024-11-10,14:00,Premier League,Matchweek 11,Sun,Home,L,1,3,Newcastle Utd,1,9.0,3.0,33.3,0.11,0.33,16.4,0.0,0,0,0.6,0.6,0.06,0.4,0.4,Match Report,2025,Nottingham Forest
12,2024-11-23,15:00,Premier League,Matchweek 12,Sat,Away,L,0,3,Arsenal,0,7.0,0.0,0.0,0.0,,16.3,1.0,0,0,0.3,0.3,0.05,-0.3,-0.3,Match Report,2025,Nottingham Forest
13,2024-11-30,15:00,Premier League,Matchweek 13,Sat,Home,W,1,0,Ipswich Town,1,11.0,4.0,36.4,0.0,0.0,16.9,1.0,1,1,1.6,0.9,0.08,-0.6,-0.9,Match Report,2025,Nottingham Forest
14,2024-12-04,19:30,Premier League,Matchweek 14,Wed,Away,L,0,3,Manchester City,0,12.0,3.0,25.0,0.0,0.0,16.6,0.0,0,0,1.0,1.0,0.09,-1.0,-1.0,Match Report,2025,Nottingham Forest
15,2024-12-07,17:30,Premier League,Matchweek 15,Sat,Away,W,3,2,Manchester Utd,3,11.0,3.0,27.3,0.27,1.0,16.3,0.0,0,0,0.8,0.8,0.08,2.2,2.2,Match Report,2025,Nottingham Forest
16,2024-12-14,17:30,Premier League,Matchweek 16,Sat,Home,W,2,1,Aston Villa,2,17.0,6.0,35.3,0.12,0.33,15.2,0.0,0,0,1.7,1.7,0.1,0.3,0.3,Match Report,2025,Nottingham Forest
17,2024-12-21,15:00,Premier League,Matchweek 17,Sat,Away,W,2,0,Brentford,2,10.0,6.0,60.0,0.2,0.33,17.4,0.0,0,0,0.9,0.9,0.09,1.1,1.1,Match Report,2025,Nottingham Forest
18,2024-12-26,15:00,Premier League,Matchweek 18,Thu,Home,W,1,0,Tottenham,1,10.0,3.0,30.0,0.1,0.33,15.5,0.0,0,0,1.1,1.1,0.11,-0.1,-0.1,Match Report,2025,Nottingham Forest
19,2024-12-29,15:00,Premier League,Matchweek 19,Sun,Away,W,2,0,Everton,2,11.0,7.0,63.6,0.18,0.29,17.4,0.0,0,0,1.5,1.5,0.15,0.5,0.5,Match Report,2025,Nottingham Forest
20,2025-01-06,20:00,Premier League,Matchweek 20,Mon,Away,W,3,0,Wolves,3,11.0,3.0,27.3,0.27,1.0,16.2,1.0,0,0,2.1,2.1,0.19,0.9,0.9,Match Report,2025,Nottingham Forest
21,2025-01-11,15:00,FA Cup,Third round proper,Sat,Home,W,2,0,Luton Town,2,11.0,3.0,27.3,0.18,0.67,,,0,0,,,,,,Match Report,2025,Nottingham Forest
22,2025-01-14,20:00,Premier League,Matchweek 21,Tue,Home,D,1,1,Liverpool,1,6.0,3.0,50.0,0.17,0.33,26.8,1.0,0,0,0.3,0.3,0.05,0.7,0.7,Match Report,2025,Nottingham Forest
23,2025-01-19,14:00,Premier League,Matchweek 22,Sun,Home,W,3,2,Southampton,3,14.0,4.0,28.6,0.21,0.75,16.0,1.0,0,0,1.8,1.8,0.15,1.2,1.2,Match Report,2025,Nottingham Forest
24,2025-01-25,15:00,Premier League,Matchweek 23,Sat,Away,L,0,5,Bournemouth,0,18.0,4.0,22.2,0.0,0.0,18.0,2.0,0,0,1.0,1.0,0.05,-1.0,-1.0,Match Report,2025,Nottingham Forest
25,2025-02-01,12:30,Premier League,Matchweek 24,Sat,Home,W,7,0,Brighton,6,13.0,8.0,61.5,0.38,0.63,13.4,0.0,1,1,3.3,2.5,0.2,2.7,2.5,Match Report,2025,Nottingham Forest
26,,,,,,,--,,,,42,330.0,116.0,35.2,0.12,0.34,17.6,12.0,3,3,,,0.1,42.0,39.0,,2025,Nottingham Forest
0,2024-08-18,16:30,Premier League,Matchweek 1,Sun,Home,L,0.0,2.0,Manchester City,0,10.0,3.0,30.0,0.0,0.0,17.1,0.0,0,0,1.0,1.0,0.1,-1.0,-1.0,Match Report,2025,Chelsea
1,2024-08-22,20:00,Conf Lg,Play-off round,Thu,Home,W,2.0,0.0,ch Servette FC,2,,,,,,,,1,1,,,,,,Match Report,2025,Chelsea
2,2024-08-25,14:00,Premier League,Matchweek 2,Sun,Away,W,6.0,2.0,Wolves,6,14.0,8.0,57.1,0.43,0.75,15.4,1.0,0,0,1.6,1.6,0.12,4.4,4.4,Match Report,2025,Chelsea
3,2024-08-29,20:30,Conf Lg,Play-off round,Thu,Away,L,1.0,2.0,ch Servette FC,1,,,,,,,,1,1,,,,,,Match Report,2025,Chelsea
4,2024-09-01,13:30,Premier League,Matchweek 3,Sun,Home,D,1.0,1.0,Crystal Palace,1,13.0,7.0,53.8,0.08,0.14,15.9,1.0,0,0,2.4,2.4,0.18,-1.4,-1.4,Match Report,2025,Chelsea
5,2024-09-14,20:00,Premier League,Matchweek 4,Sat,Away,W,1.0,0.0,Bournemouth,1,10.0,3.0,30.0,0.1,0.33,18.2,0.0,0,0,0.8,0.8,0.08,0.2,0.2,Match Report,2025,Chelsea
6,2024-09-21,12:30,Premier League,Matchweek 5,Sat,Away,W,3.0,0.0,West Ham,3,12.0,5.0,41.7,0.25,0.6,15.0,0.0,0,0,2.2,2.2,0.18,0.8,0.8,Match Report,2025,Chelsea
7,2024-09-24,19:45,EFL Cup,Third round,Tue,Home,W,5.0,0.0,Barrow,4,20.0,10.0,50.0,0.2,0.4,,,0,0,,,,,,Match Report,2025,Chelsea
8,2024-09-28,15:00,Premier League,Matchweek 6,Sat,Home,W,4.0,2.0,Brighton,4,14.0,5.0,35.7,0.21,0.6,15.7,1.0,1,1,4.2,3.4,0.24,-0.2,-0.4,Match Report,2025,Chelsea
9,2024-10-03,20:00,Conf Lg,League phase,Thu,Home,W,4.0,2.0,be Gent,4,20.0,5.0,25.0,0.2,0.8,,,0,0,,,,,,Match Report,2025,Chelsea
10,2024-10-06,14:00,Premier League,Matchweek 7,Sun,Home,D,1.0,1.0,Nott'ham Forest,1,22.0,8.0,36.4,0.05,0.13,17.2,0.0,0,0,2.3,2.3,0.11,-1.3,-1.3,Match Report,2025,Chelsea
11,2024-10-20,16:30,Premier League,Matchweek 8,Sun,Away,L,1.0,2.0,Liverpool,1,12.0,2.0,16.7,0.08,0.5,16.1,1.0,0,0,1.0,1.0,0.08,0.0,0.0,Match Report,2025,Chelsea
12,2024-10-24,19:45,Conf Lg,League phase,Thu,Away,W,4.0,1.0,gr Panathinaikos,4,14.0,9.0,64.3,0.21,0.33,,,1,1,,,,,,Match Report,2025,Chelsea
13,2024-10-27,14:00,Premier League,Matchweek 9,Sun,Home,W,2.0,1.0,Newcastle Utd,2,17.0,7.0,41.2,0.12,0.29,16.7,0.0,0,0,1.6,1.6,0.09,0.4,0.4,Match Report,2025,Chelsea
14,2024-10-30,19:45,EFL Cup,Fourth round,Wed,Away,L,0.0,2.0,Newcastle Utd,0,17.0,4.0,23.5,0.0,0.0,,,0,0,,,,,,Match Report,2025,Chelsea
15,2024-11-03,16:30,Premier League,Matchweek 10,Sun,Away,D,1.0,1.0,Manchester Utd,1,12.0,3.0,25.0,0.08,0.33,16.0,0.0,0,0,1.1,1.1,0.09,-0.1,-0.1,Match Report,2025,Chelsea
16,2024-11-07,20:00,Conf Lg,League phase,Thu,Home,W,8.0,0.0,am FC Noah,8,31.0,18.0,58.1,0.23,0.39,,,1,1,,,,,,Match Report,2025,Chelsea
17,2024-11-10,16:30,Premier League,Matchweek 11,Sun,Home,D,1.0,1.0,Arsenal,1,17.0,3.0,17.6,0.06,0.33,20.8,3.0,0,0,1.5,1.5,0.09,-0.5,-0.5,Match Report,2025,Chelsea
18,2024-11-23,12:30,Premier League,Matchweek 12,Sat,Away,W,2.0,1.0,Leicester City,2,16.0,6.0,37.5,0.13,0.33,14.2,0.0,0,0,2.7,2.7,0.18,-0.7,-0.7,Match Report,2025,Chelsea
19,2024-11-28,18:45,Conf Lg,League phase,Thu,Away,W,2.0,0.0,de Heidenheim,2,17.0,9.0,52.9,0.12,0.22,,,0,0,,,,,,Match Report,2025,Chelsea
20,2024-12-01,13:30,Premier League,Matchweek 13,Sun,Home,W,3.0,0.0,Aston Villa,3,17.0,8.0,47.1,0.18,0.38,15.8,0.0,0,0,1.6,1.6,0.1,1.4,1.4,Match Report,2025,Chelsea
21,2024-12-04,19:30,Premier League,Matchweek 14,Wed,Away,W,5.0,1.0,Southampton,5,26.0,11.0,42.3,0.19,0.45,12.6,1.0,0,0,5.2,5.2,0.21,-0.2,-0.2,Match Report,2025,Chelsea
22,2024-12-08,16:30,Premier League,Matchweek 15,Sun,Away,W,4.0,3.0,Tottenham,4,15.0,6.0,40.0,0.13,0.33,17.9,0.0,2,2,2.8,1.2,0.08,1.2,0.8,Match Report,2025,Chelsea
23,2024-12-12,21:30,Conf Lg,League phase,Thu,Away,W,3.0,1.0,kz Astana FK,3,23.0,12.0,52.2,0.13,0.25,,,0,0,,,,,,Match Report,2025,Chelsea
24,2024-12-15,19:00,Premier League,Matchweek 16,Sun,Home,W,2.0,1.0,Brentford,2,26.0,8.0,30.8,0.08,0.25,16.2,0.0,0,0,2.2,2.2,0.09,-0.2,-0.2,Match Report,2025,Chelsea
25,2024-12-19,20:00,Conf Lg,League phase,Thu,Home,W,5.0,1.0,ie Shamrock Rov,5,20.0,10.0,50.0,0.25,0.5,,,0,0,,,,,,Match Report,2025,Chelsea
26,2024-12-22,14:00,Premier League,Matchweek 17,Sun,Away,D,0.0,0.0,Everton,0,12.0,4.0,33.3,0.0,0.0,16.8,2.0,0,0,1.2,1.2,0.11,-1.2,-1.2,Match Report,2025,Chelsea
27,2024-12-26,15:00,Premier League,Matchweek 18,Thu,Home,L,1.0,2.0,Fulham,1,12.0,8.0,66.7,0.08,0.13,18.7,1.0,0,0,1.1,1.1,0.09,-0.1,-0.1,Match Report,2025,Chelsea
28,2024-12-30,19:45,Premier League,Matchweek 19,Mon,Away,L,0.0,2.0,Ipswich Town,0,20.0,4.0,20.0,0.0,0.0,17.1,0.0,0,0,2.0,2.0,0.1,-2.0,-2.0,Match Report,2025,Chelsea
29,2025-01-04,15:00,Premier League,Matchweek 20,Sat,Away,D,1.0,1.0,Crystal Palace,1,15.0,1.0,6.7,0.07,1.0,16.2,0.0,0,0,1.2,1.2,0.08,-0.2,-0.2,Match Report,2025,Chelsea
30,2025-01-11,15:00,FA Cup,Third round proper,Sat,Home,W,5.0,0.0,Morecambe,5,28.0,8.0,28.6,0.18,0.63,,,0,1,,,,,,Match Report,2025,Chelsea
31,2025-01-14,19:30,Premier League,Matchweek 21,Tue,Home,D,2.0,2.0,Bournemouth,2,26.0,10.0,38.5,0.08,0.2,16.6,2.0,0,0,2.5,2.5,0.1,-0.5,-0.5,Match Report,2025,Chelsea
32,2025-01-20,20:00,Premier League,Matchweek 22,Mon,Home,W,3.0,1.0,Wolves,3,19.0,6.0,31.6,0.16,0.5,14.0,0.0,0,0,3.1,3.1,0.17,-0.1,-0.1,Match Report,2025,Chelsea
33,2025-01-25,17:30,Premier League,Matchweek 23,Sat,Away,L,1.0,3.0,Manchester City,1,10.0,4.0,40.0,0.1,0.25,16.5,0.0,0,0,1.8,1.8,0.18,-0.8,-0.8,Match Report,2025,Chelsea
34,2025-02-03,20:00,Premier League,Matchweek 24,Mon,Home,W,2.0,1.0,West Ham,1,22.0,3.0,13.6,0.05,0.33,17.0,1.0,0,0,1.6,1.6,0.08,-0.6,-0.6,Match Report,2025,Chelsea
35,,,,,,,--,,,,84,579.0,218.0,37.7,0.13,0.35,16.3,14.0,7,8,,,0.12,84.0,77.0,,2025,Chelsea
0,2024-08-10,15:00,FA Community Shield,FA Community Shield,Sat,Home,D,1 (7),1 (6),Manchester Utd,1,9.0,1.0,11.1,0.11,1.0,,,0,0,,,,,,Match Report,2025,Manchester City
1,2024-08-18,16:30,Premier League,Matchweek 1,Sun,Away,W,2,0,Chelsea,2,11.0,5.0,45.5,0.18,0.4,19.1,0.0,0,0,0.8,0.8,0.07,1.2,1.2,Match Report,2025,Manchester City
2,2024-08-24,15:00,Premier League,Matchweek 2,Sat,Home,W,4,1,Ipswich Town,4,13.0,4.0,30.8,0.23,0.75,17.8,1.0,1,1,3.3,2.6,0.2,0.7,0.4,Match Report,2025,Manchester City
3,2024-08-31,17:30,Premier League,Matchweek 3,Sat,Away,W,3,1,West Ham,3,23.0,8.0,34.8,0.13,0.38,15.0,1.0,0,0,3.0,3.0,0.13,0.0,0.0,Match Report,2025,Manchester City
4,2024-09-14,15:00,Premier League,Matchweek 4,Sat,Home,W,2,1,Brentford,2,18.0,7.0,38.9,0.11,0.29,17.2,0.0,0,0,2.1,2.1,0.12,-0.1,-0.1,Match Report,2025,Manchester City
5,2024-09-18,20:00,Champions Lg,League phase,Wed,Home,D,0,0,it Inter,0,22.0,5.0,22.7,0.0,0.0,15.2,0.0,0,0,2.3,2.3,0.11,-2.3,-2.3,Match Report,2025,Manchester City
6,2024-09-22,16:30,Premier League,Matchweek 5,Sun,Home,D,2,2,Arsenal,2,33.0,11.0,33.3,0.06,0.18,20.2,1.0,0,0,2.1,2.1,0.07,-0.1,-0.1,Match Report,2025,Manchester City
7,2024-09-24,19:45,EFL Cup,Third round,Tue,Home,W,2,1,Watford,2,24.0,8.0,33.3,0.08,0.25,,,0,0,,,,,,Match Report,2025,Manchester City
8,2024-09-28,12:30,Premier League,Matchweek 6,Sat,Away,D,1,1,Newcastle Utd,1,16.0,6.0,37.5,0.06,0.17,17.6,0.0,0,0,0.9,0.9,0.06,0.1,0.1,Match Report,2025,Manchester City
9,2024-10-01,21:00,Champions Lg,League phase,Tue,Away,W,4,0,sk Slovan Bratislava,4,28.0,14.0,50.0,0.14,0.29,15.6,0.0,0,0,3.7,3.7,0.13,0.3,0.3,Match Report,2025,Manchester City
10,2024-10-05,15:00,Premier League,Matchweek 7,Sat,Home,W,3,2,Fulham,3,20.0,7.0,35.0,0.15,0.43,17.6,1.0,0,0,1.6,1.6,0.08,1.4,1.4,Match Report,2025,Manchester City
11,2024-10-20,14:00,Premier League,Matchweek 8,Sun,Away,W,2,1,Wolves,2,22.0,7.0,31.8,0.09,0.29,18.3,2.0,0,0,1.6,1.6,0.07,0.4,0.4,Match Report,2025,Manchester City
12,2024-10-23,20:00,Champions Lg,League phase,Wed,Home,W,5,0,cz Sparta Prague,5,21.0,9.0,42.9,0.19,0.44,14.2,0.0,1,1,2.9,2.1,0.1,2.1,1.9,Match Report,2025,Manchester City
13,2024-10-26,15:00,Premier League,Matchweek 9,Sat,Home,W,1,0,Southampton,1,22.0,7.0,31.8,0.05,0.14,16.6,0.0,0,0,2.9,2.9,0.13,-1.9,-1.9,Match Report,2025,Manchester City
14,2024-10-30,20:15,EFL Cup,Fourth round,Wed,Away,L,1,2,Tottenham,1,15.0,3.0,20.0,0.07,0.33,,,0,0,,,,,,Match Report,2025,Manchester City
15,2024-11-02,15:00,Premier League,Matchweek 10,Sat,Away,L,1,2,Bournemouth,1,18.0,4.0,22.2,0.06,0.25,14.5,0.0,0,0,1.6,1.6,0.09,-0.6,-0.6,Match Report,2025,Manchester City
16,2024-11-05,20:00,Champions Lg,League phase,Tue,Away,L,1,4,pt Sporting CP,1,19.0,5.0,26.3,0.05,0.2,17.9,2.0,0,1,2.1,1.4,0.08,-1.1,-0.4,Match Report,2025,Manchester City
17,2024-11-09,17:30,Premier League,Matchweek 11,Sat,Away,L,1,2,Brighton,1,15.0,6.0,40.0,0.07,0.17,14.1,0.0,0,0,2.1,2.1,0.18,-1.1,-1.1,Match Report,2025,Manchester City
18,2024-11-23,17:30,Premier League,Matchweek 12,Sat,Home,L,0,4,Tottenham,0,23.0,5.0,21.7,0.0,0.0,14.4,0.0,0,0,2.1,2.1,0.09,-2.1,-2.1,Match Report,2025,Manchester City
19,2024-11-26,20:00,Champions Lg,League phase,Tue,Home,D,3,3,nl Feyenoord,3,17.0,8.0,47.1,0.12,0.25,16.3,0.0,1,1,2.1,1.4,0.08,0.9,0.6,Match Report,2025,Manchester City
20,2024-12-01,16:00,Premier League,Matchweek 13,Sun,Away,L,0,2,Liverpool,0,8.0,2.0,25.0,0.0,0.0,16.2,0.0,0,0,0.8,0.8,0.1,-0.8,-0.8,Match Report,2025,Manchester City
21,2024-12-04,19:30,Premier League,Matchweek 14,Wed,Home,W,3,0,Nott'ham Forest,3,17.0,6.0,35.3,0.18,0.5,15.2,1.0,0,0,2.4,2.4,0.14,0.6,0.6,Match Report,2025,Manchester City
22,2024-12-07,15:00,Premier League,Matchweek 15,Sat,Away,D,2,2,Crystal Palace,2,12.0,4.0,33.3,0.17,0.5,15.1,0.0,0,0,1.4,1.4,0.12,0.6,0.6,Match Report,2025,Manchester City
23,2024-12-11,21:00,Champions Lg,League phase,Wed,Away,L,0,2,it Juventus,0,12.0,3.0,25.0,0.0,0.0,18.3,0.0,0,0,1.2,1.2,0.1,-1.2,-1.2,Match Report,2025,Manchester City
24,2024-12-15,16:30,Premier League,Matchweek 16,Sun,Home,L,1,2,Manchester Utd,1,10.0,3.0,30.0,0.1,0.33,18.7,0.0,0,0,0.9,0.9,0.1,0.1,0.1,Match Report,2025,Manchester City
25,2024-12-21,12:30,Premier League,Matchweek 17,Sat,Away,L,1,2,Aston Villa,1,12.0,6.0,50.0,0.08,0.17,18.4,0.0,0,0,1.0,1.0,0.09,0.0,0.0,Match Report,2025,Manchester City
26,2024-12-26,12:30,Premier League,Matchweek 18,Thu,Home,D,1,1,Everton,1,23.0,4.0,17.4,0.04,0.25,17.2,1.0,0,1,2.1,1.2,0.05,-1.1,-0.2,Match Report,2025,Manchester City
27,2024-12-29,14:30,Premier League,Matchweek 19,Sun,Away,W,2,0,Leicester City,2,14.0,5.0,35.7,0.14,0.4,18.3,1.0,0,0,1.3,1.3,0.09,0.7,0.7,Match Report,2025,Manchester City
28,2025-01-04,15:00,Premier League,Matchweek 20,Sat,Home,W,4,1,West Ham,3,10.0,7.0,70.0,0.3,0.43,16.6,0.0,0,0,1.9,1.9,0.19,1.1,1.1,Match Report,2025,Manchester City
29,2025-01-11,17:45,FA Cup,Third round proper,Sat,Home,W,8,0,Salford City,8,20.0,10.0,50.0,0.3,0.6,,,2,2,,,,,,Match Report,2025,Manchester City
30,2025-01-14,19:30,Premier League,Matchweek 21,Tue,Away,D,2,2,Brentford,2,21.0,8.0,38.1,0.1,0.25,15.1,0.0,0,0,2.2,2.2,0.11,-0.2,-0.2,Match Report,2025,Manchester City
31,2025-01-19,16:30,Premier League,Matchweek 22,Sun,Away,W,6,0,Ipswich Town,6,17.0,9.0,52.9,0.35,0.67,14.9,0.0,0,0,3.0,3.0,0.18,3.0,3.0,Match Report,2025,Manchester City
32,2025-01-22,21:00,Champions Lg,League phase,Wed,Away,L,2,4,fr Paris S-G,2,9.0,6.0,66.7,0.22,0.33,10.8,0.0,0,0,1.7,1.7,0.21,0.3,0.3,Match Report,2025,Manchester City
33,2025-01-25,17:30,Premier League,Matchweek 23,Sat,Home,W,3,1,Chelsea,3,15.0,6.0,40.0,0.2,0.5,17.1,1.0,0,0,2.2,2.2,0.17,0.8,0.8,Match Report,2025,Manchester City
34,2025-01-29,20:00,Champions Lg,League phase,Wed,Home,W,3,1,be Club Brugge,2,17.0,5.0,29.4,0.12,0.4,19.4,0.0,0,0,2.0,2.0,0.12,0.0,0.0,Match Report,2025,Manchester City
35,2025-02-02,16:30,Premier League,Matchweek 24,Sun,Away,L,1,5,Arsenal,1,7.0,4.0,57.1,0.14,0.25,12.6,0.0,0,0,0.8,0.8,0.12,0.2,0.2,Match Report,2025,Manchester City
36,,,,,,,--,,,,76,613.0,218.0,35.6,0.12,0.33,16.5,12.0,5,7,,,0.11,76.0,71.0,,2025,Manchester City
0,2024-08-17,15:00,Premier League,Matchweek 1,Sat,Home,W,1,0,Southampton,1,3.0,1.0,33.3,0.33,1.0,13.2,0.0,0,0,0.3,0.3,0.08,0.7,0.7,Match Report,2025,Newcastle United
1,2024-08-25,14:00,Premier League,Matchweek 2,Sun,Away,D,1,1,Bournemouth,1,14.0,5.0,35.7,0.07,0.2,12.6,0.0,0,0,1.6,1.6,0.12,-0.6,-0.6,Match Report,2025,Newcastle United
2,2024-08-28,20:00,EFL Cup,Second round,Wed,Away,D,1 (4),1 (3),Nott'ham Forest,1,14.0,7.0,50.0,0.07,0.14,,,0,0,,,,,,Match Report,2025,Newcastle United
3,2024-09-01,13:30,Premier League,Matchweek 3,Sun,Home,W,2,1,Tottenham,2,9.0,3.0,33.3,0.22,0.67,14.0,0.0,0,0,1.8,1.8,0.2,0.2,0.2,Match Report,2025,Newcastle United
4,2024-09-15,16:30,Premier League,Matchweek 4,Sun,Away,W,2,1,Wolves,2,14.0,6.0,42.9,0.14,0.33,17.9,0.0,0,0,1.5,1.5,0.11,0.5,0.5,Match Report,2025,Newcastle United
5,2024-09-21,15:00,Premier League,Matchweek 5,Sat,Away,L,1,3,Fulham,1,16.0,5.0,31.3,0.06,0.2,16.9,1.0,0,0,1.5,1.5,0.1,-0.5,-0.5,Match Report,2025,Newcastle United
6,2024-09-28,12:30,Premier League,Matchweek 6,Sat,Home,D,1,1,Manchester City,1,10.0,3.0,30.0,0.0,0.0,15.1,0.0,1,1,1.6,0.8,0.08,-0.6,-0.8,Match Report,2025,Newcastle United
7,2024-10-01,19:45,EFL Cup,Third round,Tue,Home,W,1,0,AFC Wimbledon,1,18.0,4.0,22.2,0.0,0.0,,,1,1,,,,,,Match Report,2025,Newcastle United
8,2024-10-05,17:30,Premier League,Matchweek 7,Sat,Away,D,0,0,Everton,0,13.0,1.0,7.7,0.0,0.0,13.8,0.0,0,1,2.1,1.3,0.1,-2.1,-1.3,Match Report,2025,Newcastle United
9,2024-10-19,15:00,Premier League,Matchweek 8,Sat,Home,L,0,1,Brighton,0,21.0,6.0,28.6,0.0,0.0,17.3,2.0,0,0,2.0,2.0,0.1,-2.0,-2.0,Match Report,2025,Newcastle United
10,2024-10-27,14:00,Premier League,Matchweek 9,Sun,Away,L,1,2,Chelsea,1,11.0,2.0,18.2,0.09,0.5,14.0,1.0,0,0,1.8,1.8,0.16,-0.8,-0.8,Match Report,2025,Newcastle United
11,2024-10-30,19:45,EFL Cup,Fourth round,Wed,Home,W,2,0,Chelsea,1,8.0,2.0,25.0,0.13,0.5,,,0,0,,,,,,Match Report,2025,Newcastle United
12,2024-11-02,12:30,Premier League,Matchweek 10,Sat,Home,W,1,0,Arsenal,1,9.0,4.0,44.4,0.11,0.25,14.6,0.0,0,0,0.5,0.5,0.06,0.5,0.5,Match Report,2025,Newcastle United
13,2024-11-10,14:00,Premier League,Matchweek 11,Sun,Away,W,3,1,Nott'ham Forest,3,17.0,6.0,35.3,0.18,0.5,16.1,0.0,0,0,1.6,1.6,0.1,1.4,1.4,Match Report,2025,Newcastle United
14,2024-11-25,20:00,Premier League,Matchweek 12,Mon,Home,L,0,2,West Ham,0,18.0,2.0,11.1,0.0,0.0,16.1,0.0,0,0,1.6,1.6,0.09,-1.6,-1.6,Match Report,2025,Newcastle United
15,2024-11-30,15:00,Premier League,Matchweek 13,Sat,Away,D,1,1,Crystal Palace,0,1.0,0.0,0.0,0.0,,6.9,0.0,0,0,0.0,0.0,0.04,0.0,0.0,Match Report,2025,Newcastle United
16,2024-12-04,19:30,Premier League,Matchweek 14,Wed,Home,D,3,3,Liverpool,3,17.0,6.0,35.3,0.18,0.5,19.1,1.0,0,0,2.1,2.1,0.12,0.9,0.9,Match Report,2025,Newcastle United
17,2024-12-07,15:00,Premier League,Matchweek 15,Sat,Away,L,2,4,Brentford,2,16.0,3.0,18.8,0.13,0.67,16.2,0.0,0,0,1.5,1.5,0.09,0.5,0.5,Match Report,2025,Newcastle United
18,2024-12-14,15:00,Premier League,Matchweek 16,Sat,Home,W,4,0,Leicester City,4,27.0,11.0,40.7,0.15,0.36,15.1,1.0,0,0,3.8,3.8,0.14,0.2,0.2,Match Report,2025,Newcastle United
19,2024-12-18,19:45,EFL Cup,Quarter-finals,Wed,Home,W,3,1,Brentford,3,23.0,5.0,21.7,0.13,0.6,,,0,0,,,,,,Match Report,2025,Newcastle United
20,2024-12-21,15:00,Premier League,Matchweek 17,Sat,Away,W,4,0,Ipswich Town,4,15.0,7.0,46.7,0.27,0.57,14.1,0.0,0,0,2.3,2.3,0.16,1.7,1.7,Match Report,2025,Newcastle United
21,2024-12-26,15:00,Premier League,Matchweek 18,Thu,Home,W,3,0,Aston Villa,3,22.0,7.0,31.8,0.14,0.43,15.8,1.0,0,0,2.7,2.7,0.13,0.3,0.3,Match Report,2025,Newcastle United
22,2024-12-30,20:00,Premier League,Matchweek 19,Mon,Away,W,2,0,Manchester Utd,2,12.0,4.0,33.3,0.17,0.5,15.2,0.0,0,0,1.9,1.9,0.16,0.1,0.1,Match Report,2025,Newcastle United
23,2025-01-04,12:30,Premier League,Matchweek 20,Sat,Away,W,2,1,Tottenham,2,14.0,4.0,28.6,0.14,0.5,14.2,0.0,0,0,2.5,2.5,0.18,-0.5,-0.5,Match Report,2025,Newcastle United
24,2025-01-07,20:00,EFL Cup,Semi-finals,Tue,Away,W,2,0,Arsenal,2,7.0,4.0,57.1,0.29,0.5,,,0,0,,,,,,Match Report,2025,Newcastle United
25,2025-01-12,15:00,FA Cup,Third round proper,Sun,Home,W,3,1,Bromley,3,18.0,3.0,16.7,0.11,0.67,,,1,1,,,,,,Match Report,2025,Newcastle United
26,2025-01-15,19:30,Premier League,Matchweek 21,Wed,Home,W,3,0,Wolves,3,17.0,5.0,29.4,0.18,0.6,17.0,0.0,0,0,2.1,2.1,0.12,0.9,0.9,Match Report,2025,Newcastle United
27,2025-01-18,12:30,Premier League,Matchweek 22,Sat,Home,L,1,4,Bournemouth,1,13.0,4.0,30.8,0.08,0.25,19.0,1.0,0,0,0.8,0.8,0.06,0.2,0.2,Match Report,2025,Newcastle United
28,2025-01-25,15:00,Premier League,Matchweek 23,Sat,Away,W,3,1,Southampton,3,16.0,7.0,43.8,0.13,0.29,19.3,0.0,1,1,2.9,2.1,0.13,0.1,-0.1,Match Report,2025,Newcastle United
29,2025-02-01,15:00,Premier League,Matchweek 24,Sat,Home,L,1,2,Fulham,1,11.0,4.0,36.4,0.09,0.25,15.3,0.0,0,0,0.8,0.8,0.07,0.2,0.2,Match Report,2025,Newcastle United
30,2025-02-05,20:00,EFL Cup,Semi-finals,Wed,Home,W,2,0,Arsenal,2,10.0,3.0,30.0,0.2,0.67,,,0,0,,,,,,Match Report,2025,Newcastle United
31,,,,,,,--,,,,54,434.0,134.0,30.9,0.12,0.37,15.9,8.0,4,5,,,0.12,54.0,50.0,,2025,Newcastle United
0,2024-08-17,15:00,Premier League,Matchweek 1,Sat,Away,D,1.0,1.0,Nott'ham Forest,1,13.0,4.0,30.8,0.08,0.25,19.6,1.0,0,0,1.2,1.2,0.09,-0.2,-0.2,Match Report,2025,Bournemouth
1,2024-08-25,14:00,Premier League,Matchweek 2,Sun,Home,D,1.0,1.0,Newcastle Utd,1,16.0,4.0,25.0,0.06,0.25,16.5,1.0,0,0,2.2,2.2,0.14,-1.2,-1.2,Match Report,2025,Bournemouth
2,2024-08-28,19:45,EFL Cup,Second round,Wed,Away,L,0.0,1.0,West Ham,0,12.0,4.0,33.3,0.0,0.0,,,0,0,,,,,,Match Report,2025,Bournemouth
3,2024-08-31,15:00,Premier League,Matchweek 3,Sat,Away,W,3.0,2.0,Everton,3,17.0,7.0,41.2,0.18,0.43,14.9,0.0,0,0,2.4,2.4,0.15,0.6,0.6,Match Report,2025,Bournemouth
4,2024-09-14,20:00,Premier League,Matchweek 4,Sat,Home,L,0.0,1.0,Chelsea,0,18.0,6.0,33.3,0.0,0.0,22.4,0.0,0,1,1.7,0.9,0.05,-1.7,-0.9,Match Report,2025,Bournemouth
5,2024-09-21,15:00,Premier League,Matchweek 5,Sat,Away,L,0.0,3.0,Liverpool,0,19.0,6.0,31.6,0.0,0.0,18.7,1.0,0,0,1.1,1.1,0.06,-1.1,-1.1,Match Report,2025,Bournemouth
6,2024-09-30,20:00,Premier League,Matchweek 6,Mon,Home,W,3.0,1.0,Southampton,3,14.0,6.0,42.9,0.21,0.5,18.8,0.0,0,0,1.3,1.3,0.1,1.7,1.7,Match Report,2025,Bournemouth
7,2024-10-05,15:00,Premier League,Matchweek 7,Sat,Away,L,0.0,1.0,Leicester City,0,19.0,2.0,10.5,0.0,0.0,14.3,0.0,0,0,2.1,2.1,0.11,-2.1,-2.1,Match Report,2025,Bournemouth
8,2024-10-19,17:30,Premier League,Matchweek 8,Sat,Home,W,2.0,0.0,Arsenal,2,12.0,3.0,25.0,0.08,0.33,18.9,0.0,1,1,1.8,1.0,0.09,0.2,0.0,Match Report,2025,Bournemouth
9,2024-10-26,15:00,Premier League,Matchweek 9,Sat,Away,D,1.0,1.0,Aston Villa,1,10.0,3.0,30.0,0.1,0.33,21.6,0.0,0,0,0.3,0.3,0.03,0.7,0.7,Match Report,2025,Bournemouth
10,2024-11-02,15:00,Premier League,Matchweek 10,Sat,Home,W,2.0,1.0,Manchester City,2,12.0,6.0,50.0,0.17,0.33,16.0,0.0,0,0,2.0,2.0,0.18,0.0,0.0,Match Report,2025,Bournemouth
11,2024-11-09,15:00,Premier League,Matchweek 11,Sat,Away,L,2.0,3.0,Brentford,2,15.0,3.0,20.0,0.13,0.67,14.8,1.0,0,0,2.6,2.6,0.17,-0.6,-0.6,Match Report,2025,Bournemouth
12,2024-11-23,15:00,Premier League,Matchweek 12,Sat,Home,L,1.0,2.0,Brighton,1,19.0,5.0,26.3,0.05,0.2,15.5,0.0,0,0,1.6,1.6,0.09,-0.6,-0.6,Match Report,2025,Bournemouth
13,2024-11-30,15:00,Premier League,Matchweek 13,Sat,Away,W,4.0,2.0,Wolves,4,9.0,5.0,55.6,0.11,0.2,21.4,0.0,3,3,3.3,0.9,0.1,0.7,0.1,Match Report,2025,Bournemouth
14,2024-12-05,20:15,Premier League,Matchweek 14,Thu,Home,W,1.0,0.0,Tottenham,1,21.0,8.0,38.1,0.05,0.13,13.8,0.0,0,0,3.5,3.5,0.18,-2.5,-2.5,Match Report,2025,Bournemouth
15,2024-12-08,14:00,Premier League,Matchweek 15,Sun,Away,W,2.0,1.0,Ipswich Town,2,22.0,6.0,27.3,0.09,0.33,16.4,0.0,0,0,3.2,3.2,0.15,-1.2,-1.2,Match Report,2025,Bournemouth
16,2024-12-16,20:00,Premier League,Matchweek 16,Mon,Home,D,1.0,1.0,West Ham,1,29.0,9.0,31.0,0.03,0.11,18.3,1.0,0,0,1.9,1.9,0.07,-0.9,-0.9,Match Report,2025,Bournemouth
17,2024-12-22,14:00,Premier League,Matchweek 17,Sun,Away,W,3.0,0.0,Manchester Utd,3,9.0,4.0,44.4,0.22,0.5,19.7,0.0,1,1,1.6,0.8,0.09,1.4,1.2,Match Report,2025,Bournemouth
18,2024-12-26,15:00,Premier League,Matchweek 18,Thu,Home,D,0.0,0.0,Crystal Palace,0,18.0,3.0,16.7,0.0,0.0,14.2,1.0,0,0,1.4,1.4,0.08,-1.4,-1.4,Match Report,2025,Bournemouth
19,2024-12-29,15:00,Premier League,Matchweek 19,Sun,Away,D,2.0,2.0,Fulham,2,16.0,8.0,50.0,0.13,0.25,13.7,0.0,0,0,2.0,2.0,0.12,0.0,0.0,Match Report,2025,Bournemouth
20,2025-01-04,15:00,Premier League,Matchweek 20,Sat,Home,W,1.0,0.0,Everton,1,19.0,8.0,42.1,0.05,0.13,14.8,0.0,0,0,1.8,1.8,0.1,-0.8,-0.8,Match Report,2025,Bournemouth
21,2025-01-11,15:00,FA Cup,Third round proper,Sat,Home,W,5.0,1.0,West Brom,5,17.0,6.0,35.3,0.29,0.83,,,0,0,,,,,,Match Report,2025,Bournemouth
22,2025-01-14,19:30,Premier League,Matchweek 21,Tue,Away,D,2.0,2.0,Chelsea,2,6.0,2.0,33.3,0.17,0.5,18.6,0.0,1,1,1.2,0.4,0.07,0.8,0.6,Match Report,2025,Bournemouth
23,2025-01-18,12:30,Premier League,Matchweek 22,Sat,Away,W,4.0,1.0,Newcastle Utd,4,19.0,10.0,52.6,0.21,0.4,13.4,0.0,0,0,2.0,2.0,0.11,2.0,2.0,Match Report,2025,Bournemouth
24,2025-01-25,15:00,Premier League,Matchweek 23,Sat,Home,W,5.0,0.0,Nott'ham Forest,5,16.0,10.0,62.5,0.31,0.5,16.3,1.0,0,0,1.7,1.7,0.11,3.3,3.3,Match Report,2025,Bournemouth
25,2025-02-01,15:00,Premier League,Matchweek 24,Sat,Home,L,0.0,2.0,Liverpool,0,14.0,3.0,21.4,0.0,0.0,17.4,0.0,0,0,1.6,1.6,0.11,-1.6,-1.6,Match Report,2025,Bournemouth
26,,,,,,,--,,,,46,411.0,141.0,34.3,0.1,0.28,16.7,7.0,6,7,,,0.11,46.0,40.0,,2025,Bournemouth
0,2024-08-17,17:30,Premier League,Matchweek 1,Sat,Away,W,2.0,1.0,West Ham,2,15.0,3.0,20.0,0.13,0.67,15.2,0.0,0,0,2.0,2.0,0.14,0.0,0.0,Match Report,2025,Aston Villa
1,2024-08-24,17:30,Premier League,Matchweek 2,Sat,Home,L,0.0,2.0,Arsenal,0,11.0,3.0,27.3,0.0,0.0,16.0,0.0,0,0,1.2,1.2,0.12,-1.2,-1.2,Match Report,2025,Aston Villa
2,2024-08-31,15:00,Premier League,Matchweek 3,Sat,Away,W,2.0,1.0,Leicester City,2,10.0,5.0,50.0,0.2,0.4,17.9,0.0,0,0,1.4,1.4,0.16,0.6,0.6,Match Report,2025,Aston Villa
3,2024-09-14,17:30,Premier League,Matchweek 4,Sat,Home,W,3.0,2.0,Everton,3,17.0,7.0,41.2,0.18,0.43,14.0,0.0,0,0,2.1,2.1,0.13,0.9,0.9,Match Report,2025,Aston Villa
4,2024-09-17,18:45,Champions Lg,League phase,Tue,Away,W,3.0,0.0,ch Young Boys,3,20.0,7.0,35.0,0.15,0.43,19.5,1.0,0,0,2.0,2.0,0.1,1.0,1.0,Match Report,2025,Aston Villa
5,2024-09-21,15:00,Premier League,Matchweek 5,Sat,Home,W,3.0,1.0,Wolves,3,9.0,3.0,33.3,0.33,1.0,13.7,1.0,0,0,1.7,1.7,0.19,1.3,1.3,Match Report,2025,Aston Villa
6,2024-09-24,20:00,EFL Cup,Third round,Tue,Away,W,2.0,1.0,Wycombe,2,11.0,4.0,36.4,0.09,0.25,,,1,1,,,,,,Match Report,2025,Aston Villa
7,2024-09-29,14:00,Premier League,Matchweek 6,Sun,Away,D,2.0,2.0,Ipswich Town,2,7.0,3.0,42.9,0.29,0.67,19.0,1.0,0,0,0.8,0.8,0.12,1.2,1.2,Match Report,2025,Aston Villa
8,2024-10-02,20:00,Champions Lg,League phase,Wed,Home,W,1.0,0.0,de Bayern Munich,1,5.0,2.0,40.0,0.2,0.5,18.2,0.0,0,0,0.4,0.4,0.08,0.6,0.6,Match Report,2025,Aston Villa
9,2024-10-06,14:00,Premier League,Matchweek 7,Sun,Home,D,0.0,0.0,Manchester Utd,0,11.0,1.0,9.1,0.0,0.0,20.3,1.0,0,0,0.5,0.5,0.05,-0.5,-0.5,Match Report,2025,Aston Villa
10,2024-10-19,15:00,Premier League,Matchweek 8,Sat,Away,W,3.0,1.0,Fulham,2,14.0,5.0,35.7,0.14,0.4,15.1,1.0,0,0,1.6,1.6,0.12,0.4,0.4,Match Report,2025,Aston Villa
11,2024-10-22,20:00,Champions Lg,League phase,Tue,Home,W,2.0,0.0,it Bologna,2,16.0,6.0,37.5,0.13,0.33,18.8,1.0,0,0,1.2,1.2,0.08,0.8,0.8,Match Report,2025,Aston Villa
12,2024-10-26,15:00,Premier League,Matchweek 9,Sat,Home,D,1.0,1.0,Bournemouth,1,18.0,8.0,44.4,0.06,0.13,15.1,0.0,0,0,1.8,1.8,0.1,-0.8,-0.8,Match Report,2025,Aston Villa
13,2024-10-30,19:45,EFL Cup,Fourth round,Wed,Home,L,1.0,2.0,Crystal Palace,1,17.0,9.0,52.9,0.06,0.11,,,0,0,,,,,,Match Report,2025,Aston Villa
14,2024-11-03,14:00,Premier League,Matchweek 10,Sun,Away,L,1.0,4.0,Tottenham,1,12.0,1.0,8.3,0.08,1.0,16.2,0.0,0,0,1.8,1.8,0.15,-0.8,-0.8,Match Report,2025,Aston Villa
15,2024-11-06,18:45,Champions Lg,League phase,Wed,Away,L,0.0,1.0,be Club Brugge,0,8.0,1.0,12.5,0.0,0.0,24.5,0.0,0,0,0.4,0.4,0.05,-0.4,-0.4,Match Report,2025,Aston Villa
16,2024-11-09,20:00,Premier League,Matchweek 11,Sat,Away,L,0.0,2.0,Liverpool,0,12.0,2.0,16.7,0.0,0.0,11.6,0.0,0,0,1.2,1.2,0.12,-1.2,-1.2,Match Report,2025,Aston Villa
17,2024-11-23,15:00,Premier League,Matchweek 12,Sat,Home,D,2.0,2.0,Crystal Palace,2,16.0,4.0,25.0,0.13,0.5,14.9,0.0,0,1,3.0,2.2,0.15,-1.0,-0.2,Match Report,2025,Aston Villa
18,2024-11-27,20:00,Champions Lg,League phase,Wed,Home,D,0.0,0.0,it Juventus,0,11.0,2.0,18.2,0.0,0.0,17.4,3.0,0,0,1.2,1.2,0.11,-1.2,-1.2,Match Report,2025,Aston Villa
19,2024-12-01,13:30,Premier League,Matchweek 13,Sun,Away,L,0.0,3.0,Chelsea,0,10.0,3.0,30.0,0.0,0.0,13.4,0.0,0,0,1.2,1.2,0.12,-1.2,-1.2,Match Report,2025,Aston Villa
20,2024-12-04,20:15,Premier League,Matchweek 14,Wed,Home,W,3.0,1.0,Brentford,3,19.0,9.0,47.4,0.11,0.22,15.0,0.0,1,1,2.4,1.6,0.09,0.6,0.4,Match Report,2025,Aston Villa
21,2024-12-07,15:00,Premier League,Matchweek 15,Sat,Home,W,1.0,0.0,Southampton,1,18.0,4.0,22.2,0.06,0.25,14.2,0.0,0,0,2.3,2.3,0.13,-1.3,-1.3,Match Report,2025,Aston Villa
22,2024-12-10,21:00,Champions Lg,League phase,Tue,Away,W,3.0,2.0,de RB Leipzig,3,19.0,8.0,42.1,0.16,0.38,17.7,0.0,0,0,2.1,2.1,0.11,0.9,0.9,Match Report,2025,Aston Villa
23,2024-12-14,17:30,Premier League,Matchweek 16,Sat,Away,L,1.0,2.0,Nott'ham Forest,1,8.0,2.0,25.0,0.13,0.5,15.6,0.0,0,0,0.4,0.4,0.05,0.6,0.6,Match Report,2025,Aston Villa
24,2024-12-21,12:30,Premier League,Matchweek 17,Sat,Home,W,2.0,1.0,Manchester City,2,11.0,6.0,54.5,0.18,0.33,13.9,0.0,0,0,1.6,1.6,0.15,0.4,0.4,Match Report,2025,Aston Villa
25,2024-12-26,15:00,Premier League,Matchweek 18,Thu,Away,L,0.0,3.0,Newcastle Utd,0,4.0,1.0,25.0,0.0,0.0,17.0,1.0,0,0,0.3,0.3,0.09,-0.3,-0.3,Match Report,2025,Aston Villa
26,2024-12-30,19:45,Premier League,Matchweek 19,Mon,Home,D,2.0,2.0,Brighton,2,19.0,3.0,15.8,0.05,0.33,17.9,0.0,1,1,1.8,1.0,0.05,0.2,0.0,Match Report,2025,Aston Villa
27,2025-01-04,15:00,Premier League,Matchweek 20,Sat,Home,W,2.0,1.0,Leicester City,2,13.0,5.0,38.5,0.15,0.4,15.9,0.0,0,0,1.4,1.4,0.12,0.6,0.6,Match Report,2025,Aston Villa
28,2025-01-10,20:00,FA Cup,Third round proper,Fri,Home,W,2.0,1.0,West Ham,2,16.0,5.0,31.3,0.13,0.4,,,0,0,,,,,,Match Report,2025,Aston Villa
29,2025-01-15,19:30,Premier League,Matchweek 21,Wed,Away,W,1.0,0.0,Everton,1,11.0,3.0,27.3,0.09,0.33,20.5,1.0,0,0,1.2,1.2,0.11,-0.2,-0.2,Match Report,2025,Aston Villa
30,2025-01-18,17:30,Premier League,Matchweek 22,Sat,Away,D,2.0,2.0,Arsenal,2,8.0,4.0,50.0,0.25,0.5,16.9,0.0,0,0,1.0,1.0,0.13,1.0,1.0,Match Report,2025,Aston Villa
31,2025-01-21,18:45,Champions Lg,League phase,Tue,Away,L,0.0,1.0,fr Monaco,0,10.0,5.0,50.0,0.0,0.0,14.0,1.0,0,0,0.9,0.9,0.1,-0.9,-0.9,Match Report,2025,Aston Villa
32,2025-01-26,16:30,Premier League,Matchweek 23,Sun,Home,D,1.0,1.0,West Ham,1,14.0,4.0,28.6,0.07,0.25,18.0,1.0,0,0,0.9,0.9,0.06,0.1,0.1,Match Report,2025,Aston Villa
33,2025-01-29,20:00,Champions Lg,League phase,Wed,Home,W,4.0,2.0,sct Celtic,4,19.0,7.0,36.8,0.21,0.57,14.4,0.0,0,1,3.9,3.2,0.17,0.1,0.8,Match Report,2025,Aston Villa
34,2025-02-01,17:30,Premier League,Matchweek 24,Sat,Away,L,0.0,2.0,Wolves,0,10.0,3.0,30.0,0.0,0.0,20.9,0.0,0,0,0.4,0.4,0.04,-0.4,-0.4,Match Report,2025,Aston Villa
35,,,,,,,--,,,,51,449.0,148.0,33.0,0.11,0.32,16.5,13.0,3,5,,,0.11,51.0,48.0,,2025,Aston Villa
0,2024-08-16,20:00,Premier League,Matchweek 1,Fri,Away,L,0,1,Manchester Utd,0,10.0,2.0,20.0,0.0,0.0,16.9,0.0,0,0,0.4,0.4,0.04,-0.4,-0.4,Match Report,2025,Fulham
1,2024-08-24,15:00,Premier League,Matchweek 2,Sat,Home,W,2,1,Leicester City,2,18.0,6.0,33.3,0.11,0.33,15.8,1.0,0,0,1.8,1.8,0.1,0.2,0.2,Match Report,2025,Fulham
2,2024-08-27,20:00,EFL Cup,Second round,Tue,Away,W,2,0,Birmingham City,2,8.0,2.0,25.0,0.13,0.5,,,1,1,,,,,,Match Report,2025,Fulham
3,2024-08-31,15:00,Premier League,Matchweek 3,Sat,Away,D,1,1,Ipswich Town,1,9.0,4.0,44.4,0.11,0.25,13.1,0.0,0,0,0.9,0.9,0.11,0.1,0.1,Match Report,2025,Fulham
4,2024-09-14,15:00,Premier League,Matchweek 4,Sat,Home,D,1,1,West Ham,1,21.0,5.0,23.8,0.05,0.2,16.4,2.0,0,0,1.5,1.5,0.07,-0.5,-0.5,Match Report,2025,Fulham
5,2024-09-17,19:45,EFL Cup,Third round,Tue,Away,D,1 (15),1 (16),Preston,1,16.0,6.0,37.5,0.06,0.17,,,0,0,,,,,,Match Report,2025,Fulham
6,2024-09-21,15:00,Premier League,Matchweek 5,Sat,Home,W,3,1,Newcastle Utd,3,22.0,11.0,50.0,0.14,0.27,15.4,0.0,0,0,2.2,2.2,0.1,0.8,0.8,Match Report,2025,Fulham
7,2024-09-28,15:00,Premier League,Matchweek 6,Sat,Away,W,1,0,Nott'ham Forest,1,13.0,1.0,7.7,0.0,0.0,20.2,0.0,1,1,1.3,0.5,0.04,-0.3,-0.5,Match Report,2025,Fulham
8,2024-10-05,15:00,Premier League,Matchweek 7,Sat,Away,L,2,3,Manchester City,2,11.0,4.0,36.4,0.18,0.5,14.0,0.0,0,0,2.6,2.6,0.24,-0.6,-0.6,Match Report,2025,Fulham
9,2024-10-19,15:00,Premier League,Matchweek 8,Sat,Home,L,1,3,Aston Villa,1,9.0,3.0,33.3,0.11,0.33,12.3,0.0,0,1,1.8,1.0,0.11,-0.8,0.0,Match Report,2025,Fulham
10,2024-10-26,17:30,Premier League,Matchweek 9,Sat,Away,D,1,1,Everton,1,14.0,3.0,21.4,0.07,0.33,18.2,0.0,0,0,1.2,1.2,0.09,-0.2,-0.2,Match Report,2025,Fulham
11,2024-11-04,20:00,Premier League,Matchweek 10,Mon,Home,W,2,1,Brentford,2,26.0,12.0,46.2,0.08,0.17,18.3,0.0,0,0,1.3,1.3,0.05,0.7,0.7,Match Report,2025,Fulham
12,2024-11-09,15:00,Premier League,Matchweek 11,Sat,Away,W,2,0,Crystal Palace,2,17.0,7.0,41.2,0.12,0.29,17.0,0.0,0,0,1.8,1.8,0.11,0.2,0.2,Match Report,2025,Fulham
13,2024-11-23,15:00,Premier League,Matchweek 12,Sat,Home,L,1,4,Wolves,1,10.0,3.0,30.0,0.1,0.33,17.2,0.0,0,0,1.0,1.0,0.1,0.0,0.0,Match Report,2025,Fulham
14,2024-12-01,13:30,Premier League,Matchweek 13,Sun,Away,D,1,1,Tottenham,1,14.0,6.0,42.9,0.07,0.17,13.4,0.0,0,0,1.5,1.5,0.11,-0.5,-0.5,Match Report,2025,Fulham
15,2024-12-05,19:30,Premier League,Matchweek 14,Thu,Home,W,3,1,Brighton,2,6.0,2.0,33.3,0.33,1.0,14.3,0.0,0,0,1.1,1.1,0.18,0.9,0.9,Match Report,2025,Fulham
16,2024-12-08,14:00,Premier League,Matchweek 15,Sun,Home,D,1,1,Arsenal,1,2.0,2.0,100.0,0.5,0.5,14.4,0.0,0,0,0.2,0.2,0.08,0.8,0.8,Match Report,2025,Fulham
17,2024-12-14,15:00,Premier League,Matchweek 16,Sat,Away,D,2,2,Liverpool,2,12.0,3.0,25.0,0.17,0.67,16.9,1.0,0,0,1.2,1.2,0.1,0.8,0.8,Match Report,2025,Fulham
18,2024-12-22,14:00,Premier League,Matchweek 17,Sun,Home,D,0,0,Southampton,0,15.0,5.0,33.3,0.0,0.0,20.0,0.0,0,0,0.9,0.9,0.06,-0.9,-0.9,Match Report,2025,Fulham
19,2024-12-26,15:00,Premier League,Matchweek 18,Thu,Away,W,2,1,Chelsea,2,14.0,7.0,50.0,0.14,0.29,16.2,1.0,0,0,1.8,1.8,0.13,0.2,0.2,Match Report,2025,Fulham
20,2024-12-29,15:00,Premier League,Matchweek 19,Sun,Home,D,2,2,Bournemouth,2,11.0,6.0,54.5,0.18,0.33,16.1,0.0,0,0,1.1,1.1,0.1,0.9,0.9,Match Report,2025,Fulham
21,2025-01-05,14:00,Premier League,Matchweek 20,Sun,Home,D,2,2,Ipswich Town,2,13.0,2.0,15.4,0.0,0.0,20.4,0.0,2,2,2.2,0.6,0.05,-0.2,-0.6,Match Report,2025,Fulham
22,2025-01-09,19:45,FA Cup,Third round proper,Thu,Home,W,4,1,Watford,4,27.0,8.0,29.6,0.11,0.38,,,1,1,,,,,,Match Report,2025,Fulham
23,2025-01-14,19:30,Premier League,Matchweek 21,Tue,Away,L,2,3,West Ham,2,21.0,4.0,19.0,0.1,0.5,17.9,1.0,0,0,1.7,1.7,0.09,0.3,0.3,Match Report,2025,Fulham
24,2025-01-18,15:00,Premier League,Matchweek 22,Sat,Away,W,2,0,Leicester City,2,17.0,2.0,11.8,0.12,1.0,14.1,1.0,0,0,2.0,2.0,0.13,0.0,0.0,Match Report,2025,Fulham
25,2025-01-26,19:00,Premier League,Matchweek 23,Sun,Home,L,0,1,Manchester Utd,0,9.0,2.0,22.2,0.0,0.0,14.5,0.0,0,0,0.7,0.7,0.07,-0.7,-0.7,Match Report,2025,Fulham
26,2025-02-01,15:00,Premier League,Matchweek 24,Sat,Away,W,2,1,Newcastle Utd,2,15.0,4.0,26.7,0.13,0.5,16.2,0.0,0,0,1.6,1.6,0.1,0.4,0.4,Match Report,2025,Fulham
27,,,,,,,--,,,,42,380.0,122.0,32.1,0.1,0.3,16.5,7.0,5,6,,,0.1,42.0,37.0,,2025,Fulham
0,2024-08-17,15:00,Premier League,Matchweek 1,Sat,Away,W,3.0,0.0,Everton,3,10.0,5.0,50.0,0.3,0.6,13.8,0.0,0,0,1.4,1.4,0.14,1.6,1.6,Match Report,2025,Brighton and Hove Albion
1,2024-08-24,12:30,Premier League,Matchweek 2,Sat,Home,W,2.0,1.0,Manchester Utd,2,14.0,4.0,28.6,0.14,0.5,14.2,1.0,0,0,2.1,2.1,0.15,-0.1,-0.1,Match Report,2025,Brighton and Hove Albion
2,2024-08-27,19:45,EFL Cup,Second round,Tue,Home,W,4.0,0.0,Crawley Town,4,17.0,8.0,47.1,0.24,0.5,,,0,0,,,,,,Match Report,2025,Brighton and Hove Albion
3,2024-08-31,12:30,Premier League,Matchweek 3,Sat,Away,D,1.0,1.0,Arsenal,1,22.0,4.0,18.2,0.05,0.25,19.3,0.0,0,0,1.7,1.7,0.08,-0.7,-0.7,Match Report,2025,Brighton and Hove Albion
4,2024-09-14,15:00,Premier League,Matchweek 4,Sat,Home,D,0.0,0.0,Ipswich Town,0,21.0,6.0,28.6,0.0,0.0,18.5,2.0,0,0,1.6,1.6,0.09,-1.6,-1.6,Match Report,2025,Brighton and Hove Albion
5,2024-09-18,19:45,EFL Cup,Third round,Wed,Home,W,3.0,2.0,Wolves,3,13.0,9.0,69.2,0.23,0.33,,,0,0,,,,,,Match Report,2025,Brighton and Hove Albion
6,2024-09-22,14:00,Premier League,Matchweek 5,Sun,Home,D,2.0,2.0,Nott'ham Forest,2,14.0,3.0,21.4,0.14,0.67,17.4,1.0,0,0,1.0,1.0,0.07,1.0,1.0,Match Report,2025,Brighton and Hove Albion
7,2024-09-28,15:00,Premier League,Matchweek 6,Sat,Away,L,2.0,4.0,Chelsea,2,15.0,5.0,33.3,0.13,0.4,20.1,2.0,0,0,1.1,1.1,0.07,0.9,0.9,Match Report,2025,Brighton and Hove Albion
8,2024-10-06,16:30,Premier League,Matchweek 7,Sun,Home,W,3.0,2.0,Tottenham,3,11.0,4.0,36.4,0.27,0.75,14.8,0.0,0,0,1.8,1.8,0.16,1.2,1.2,Match Report,2025,Brighton and Hove Albion
9,2024-10-19,15:00,Premier League,Matchweek 8,Sat,Away,W,1.0,0.0,Newcastle Utd,1,10.0,5.0,50.0,0.1,0.2,16.0,0.0,0,0,1.1,1.1,0.11,-0.1,-0.1,Match Report,2025,Brighton and Hove Albion
10,2024-10-26,15:00,Premier League,Matchweek 9,Sat,Home,D,2.0,2.0,Wolves,2,19.0,6.0,31.6,0.11,0.33,17.5,1.0,0,0,1.3,1.3,0.07,0.7,0.7,Match Report,2025,Brighton and Hove Albion
11,2024-10-30,19:30,EFL Cup,Fourth round,Wed,Home,L,2.0,3.0,Liverpool,2,19.0,7.0,36.8,0.11,0.29,,,0,0,,,,,,Match Report,2025,Brighton and Hove Albion
12,2024-11-02,15:00,Premier League,Matchweek 10,Sat,Away,L,1.0,2.0,Liverpool,1,13.0,5.0,38.5,0.08,0.2,19.6,2.0,0,0,1.0,1.0,0.08,0.0,0.0,Match Report,2025,Brighton and Hove Albion
13,2024-11-09,17:30,Premier League,Matchweek 11,Sat,Home,W,2.0,1.0,Manchester City,2,10.0,4.0,40.0,0.2,0.5,13.5,1.0,0,0,2.3,2.3,0.23,-0.3,-0.3,Match Report,2025,Brighton and Hove Albion
14,2024-11-23,15:00,Premier League,Matchweek 12,Sat,Away,W,2.0,1.0,Bournemouth,2,6.0,4.0,66.7,0.33,0.5,13.9,0.0,0,0,0.9,0.9,0.16,1.1,1.1,Match Report,2025,Brighton and Hove Albion
15,2024-11-29,20:00,Premier League,Matchweek 13,Fri,Home,D,1.0,1.0,Southampton,1,22.0,5.0,22.7,0.05,0.2,16.5,0.0,0,0,1.7,1.7,0.08,-0.7,-0.7,Match Report,2025,Brighton and Hove Albion
16,2024-12-05,19:30,Premier League,Matchweek 14,Thu,Away,L,1.0,3.0,Fulham,1,13.0,3.0,23.1,0.08,0.33,16.7,1.0,0,0,1.4,1.4,0.11,-0.4,-0.4,Match Report,2025,Brighton and Hove Albion
17,2024-12-08,14:00,Premier League,Matchweek 15,Sun,Away,D,2.0,2.0,Leicester City,2,16.0,7.0,43.8,0.13,0.29,19.0,2.0,0,0,1.5,1.5,0.1,0.5,0.5,Match Report,2025,Brighton and Hove Albion
18,2024-12-15,14:00,Premier League,Matchweek 16,Sun,Home,L,1.0,3.0,Crystal Palace,0,17.0,5.0,29.4,0.0,0.0,20.6,1.0,0,0,1.0,1.0,0.06,-1.0,-1.0,Match Report,2025,Brighton and Hove Albion
19,2024-12-21,15:00,Premier League,Matchweek 17,Sat,Away,D,1.0,1.0,West Ham,1,12.0,6.0,50.0,0.08,0.17,15.0,0.0,0,0,0.9,0.9,0.08,0.1,0.1,Match Report,2025,Brighton and Hove Albion
20,2024-12-27,19:30,Premier League,Matchweek 18,Fri,Home,D,0.0,0.0,Brentford,0,24.0,7.0,29.2,0.0,0.0,18.0,1.0,0,0,1.3,1.3,0.05,-1.3,-1.3,Match Report,2025,Brighton and Hove Albion
21,2024-12-30,19:45,Premier League,Matchweek 19,Mon,Away,D,2.0,2.0,Aston Villa,2,13.0,4.0,30.8,0.15,0.5,19.1,0.0,0,0,1.1,1.1,0.09,0.9,0.9,Match Report,2025,Brighton and Hove Albion
22,2025-01-04,17:30,Premier League,Matchweek 20,Sat,Home,D,1.0,1.0,Arsenal,1,10.0,3.0,30.0,0.0,0.0,21.3,1.0,1,1,1.5,0.7,0.07,-0.5,-0.7,Match Report,2025,Brighton and Hove Albion
23,2025-01-11,15:00,FA Cup,Third round proper,Sat,Away,W,4.0,0.0,Norwich City,4,21.0,8.0,38.1,0.19,0.5,,,0,0,,,,,,Match Report,2025,Brighton and Hove Albion
24,2025-01-16,19:30,Premier League,Matchweek 21,Thu,Away,W,2.0,0.0,Ipswich Town,2,11.0,5.0,45.5,0.18,0.4,14.1,0.0,0,0,1.0,1.0,0.09,1.0,1.0,Match Report,2025,Brighton and Hove Albion
25,2025-01-19,14:00,Premier League,Matchweek 22,Sun,Away,W,3.0,1.0,Manchester Utd,3,6.0,3.0,50.0,0.5,1.0,15.3,0.0,0,0,1.9,1.9,0.32,1.1,1.1,Match Report,2025,Brighton and Hove Albion
26,2025-01-25,15:00,Premier League,Matchweek 23,Sat,Home,L,0.0,1.0,Everton,0,16.0,1.0,6.3,0.0,0.0,19.6,0.0,0,0,0.7,0.7,0.05,-0.7,-0.7,Match Report,2025,Brighton and Hove Albion
27,2025-02-01,12:30,Premier League,Matchweek 24,Sat,Away,L,0.0,7.0,Nott'ham Forest,0,10.0,5.0,50.0,0.0,0.0,17.9,1.0,0,0,0.9,0.9,0.09,-0.9,-0.9,Match Report,2025,Brighton and Hove Albion
28,,,,,,,--,,,,47,405.0,141.0,34.8,0.11,0.33,17.5,17.0,1,1,,,0.1,47.0,46.0,,2025,Brighton and Hove Albion
0,2024-08-18,14:00,Premier League,Matchweek 1,Sun,Home,W,2,1,Crystal Palace,2,9.0,5.0,55.6,0.22,0.4,12.5,0.0,0,0,1.6,1.6,0.2,0.4,0.4,Match Report,2025,Brentford
1,2024-08-25,16:30,Premier League,Matchweek 2,Sun,Away,L,0,2,Liverpool,0,8.0,2.0,25.0,0.0,0.0,18.1,0.0,0,0,0.5,0.5,0.07,-0.5,-0.5,Match Report,2025,Brentford
2,2024-08-28,19:45,EFL Cup,Second round,Wed,Away,W,1,0,Colchester Utd,1,10.0,3.0,30.0,0.1,0.33,,,0,0,,,,,,Match Report,2025,Brentford
3,2024-08-31,15:00,Premier League,Matchweek 3,Sat,Home,W,3,1,Southampton,3,20.0,7.0,35.0,0.15,0.43,14.5,0.0,0,0,2.8,2.8,0.14,0.2,0.2,Match Report,2025,Brentford
4,2024-09-14,15:00,Premier League,Matchweek 4,Sat,Away,L,1,2,Manchester City,1,8.0,5.0,62.5,0.13,0.2,12.9,0.0,0,0,1.0,1.0,0.12,0.0,0.0,Match Report,2025,Brentford
5,2024-09-17,19:45,EFL Cup,Third round,Tue,Home,W,3,1,Leyton Orient,3,15.0,8.0,53.3,0.2,0.38,,,0,0,,,,,,Match Report,2025,Brentford
6,2024-09-21,15:00,Premier League,Matchweek 5,Sat,Away,L,1,3,Tottenham,1,6.0,6.0,100.0,0.17,0.17,14.4,0.0,0,0,0.8,0.8,0.13,0.2,0.2,Match Report,2025,Brentford
7,2024-09-28,15:00,Premier League,Matchweek 6,Sat,Home,D,1,1,West Ham,1,8.0,3.0,37.5,0.13,0.33,20.7,1.0,0,0,0.4,0.4,0.05,0.6,0.6,Match Report,2025,Brentford
8,2024-10-05,15:00,Premier League,Matchweek 7,Sat,Home,W,5,3,Wolves,5,18.0,11.0,61.1,0.22,0.36,13.0,1.0,1,1,4.2,3.4,0.19,0.8,0.6,Match Report,2025,Brentford
9,2024-10-19,15:00,Premier League,Matchweek 8,Sat,Away,L,1,2,Manchester Utd,1,8.0,2.0,25.0,0.13,0.5,17.9,1.0,0,0,0.9,0.9,0.11,0.1,0.1,Match Report,2025,Brentford
10,2024-10-26,15:00,Premier League,Matchweek 9,Sat,Home,W,4,3,Ipswich Town,4,19.0,8.0,42.1,0.16,0.38,16.0,1.0,1,1,4.0,3.3,0.17,0.0,-0.3,Match Report,2025,Brentford
11,2024-10-29,20:00,EFL Cup,Fourth round,Tue,Home,D,1 (5),1 (4),Sheffield Weds,1,12.0,5.0,41.7,0.08,0.2,,,0,0,,,,,,Match Report,2025,Brentford
12,2024-11-04,20:00,Premier League,Matchweek 10,Mon,Away,L,1,2,Fulham,1,5.0,2.0,40.0,0.2,0.5,18.0,0.0,0,0,0.6,0.6,0.13,0.4,0.4,Match Report,2025,Brentford
13,2024-11-09,15:00,Premier League,Matchweek 11,Sat,Home,W,3,2,Bournemouth,3,12.0,6.0,50.0,0.25,0.5,14.6,0.0,0,0,1.5,1.5,0.12,1.5,1.5,Match Report,2025,Brentford
14,2024-11-23,15:00,Premier League,Matchweek 12,Sat,Away,D,0,0,Everton,0,9.0,2.0,22.2,0.0,0.0,18.4,0.0,0,0,1.1,1.1,0.12,-1.1,-1.1,Match Report,2025,Brentford
15,2024-11-30,15:00,Premier League,Matchweek 13,Sat,Home,W,4,1,Leicester City,4,13.0,6.0,46.2,0.31,0.67,16.0,1.0,0,0,2.4,2.4,0.18,1.6,1.6,Match Report,2025,Brentford
16,2024-12-04,20:15,Premier League,Matchweek 14,Wed,Away,L,1,3,Aston Villa,1,9.0,1.0,11.1,0.11,1.0,14.0,0.0,0,0,0.9,0.9,0.11,0.1,0.1,Match Report,2025,Brentford
17,2024-12-07,15:00,Premier League,Matchweek 15,Sat,Home,W,4,2,Newcastle Utd,4,11.0,7.0,63.6,0.36,0.57,17.6,0.0,0,0,1.2,1.2,0.11,2.8,2.8,Match Report,2025,Brentford
18,2024-12-15,19:00,Premier League,Matchweek 16,Sun,Away,L,1,2,Chelsea,1,9.0,4.0,44.4,0.11,0.25,11.9,0.0,0,0,1.6,1.6,0.18,-0.6,-0.6,Match Report,2025,Brentford
19,2024-12-18,19:45,EFL Cup,Quarter-finals,Wed,Away,L,1,3,Newcastle Utd,1,10.0,3.0,30.0,0.1,0.33,,,0,0,,,,,,Match Report,2025,Brentford
20,2024-12-21,15:00,Premier League,Matchweek 17,Sat,Home,L,0,2,Nott'ham Forest,0,7.0,3.0,42.9,0.0,0.0,10.8,0.0,0,0,0.7,0.7,0.1,-0.7,-0.7,Match Report,2025,Brentford
21,2024-12-27,19:30,Premier League,Matchweek 18,Fri,Away,D,0,0,Brighton,0,8.0,3.0,37.5,0.0,0.0,14.1,0.0,0,0,1.1,1.1,0.13,-1.1,-1.1,Match Report,2025,Brentford
22,2025-01-01,17:30,Premier League,Matchweek 19,Wed,Home,L,1,3,Arsenal,1,5.0,2.0,40.0,0.2,0.5,27.9,0.0,0,0,0.3,0.3,0.06,0.7,0.7,Match Report,2025,Brentford
23,2025-01-04,15:00,Premier League,Matchweek 20,Sat,Away,W,5,0,Southampton,5,19.0,9.0,47.4,0.21,0.44,13.6,0.0,1,1,4.4,3.6,0.19,0.6,0.4,Match Report,2025,Brentford
24,2025-01-11,15:00,FA Cup,Third round proper,Sat,Home,L,0,1,Plymouth Argyle,0,9.0,2.0,22.2,0.0,0.0,,,0,0,,,,,,Match Report,2025,Brentford
25,2025-01-14,19:30,Premier League,Matchweek 21,Tue,Home,D,2,2,Manchester City,2,18.0,5.0,27.8,0.11,0.4,14.2,0.0,0,0,2.5,2.5,0.14,-0.5,-0.5,Match Report,2025,Brentford
26,2025-01-18,15:00,Premier League,Matchweek 22,Sat,Home,L,0,2,Liverpool,0,11.0,6.0,54.5,0.0,0.0,14.7,0.0,0,0,0.7,0.7,0.07,-0.7,-0.7,Match Report,2025,Brentford
27,2025-01-26,14:00,Premier League,Matchweek 23,Sun,Away,W,2,1,Crystal Palace,2,11.0,5.0,45.5,0.09,0.2,20.4,1.0,1,1,1.3,0.5,0.04,0.7,0.5,Match Report,2025,Brentford
28,2025-02-02,14:00,Premier League,Matchweek 24,Sun,Home,L,0,2,Tottenham,0,20.0,3.0,15.0,0.0,0.0,15.6,1.0,0,0,2.1,2.1,0.1,-2.1,-2.1,Match Report,2025,Brentford
29,,,,,,,--,,,,48,327.0,134.0,41.0,0.13,0.33,15.5,7.0,4,4,,,0.13,48.0,44.0,,2025,Brentford
0,2024-08-18,14:00,Premier League,Matchweek 1,Sun,Away,L,1.0,2.0,Brentford,0,14.0,6.0,42.9,0.0,0.0,19.2,1.0,0,0,1.2,1.2,0.08,-1.2,-1.2,Match Report,2025,Crystal Palace
1,2024-08-24,15:00,Premier League,Matchweek 2,Sat,Home,L,0.0,2.0,West Ham,0,14.0,2.0,14.3,0.0,0.0,19.5,0.0,0,0,1.3,1.3,0.1,-1.3,-1.3,Match Report,2025,Crystal Palace
2,2024-08-27,20:00,EFL Cup,Second round,Tue,Home,W,4.0,0.0,Norwich City,4,13.0,5.0,38.5,0.31,0.8,,,0,0,,,,,,Match Report,2025,Crystal Palace
3,2024-09-01,13:30,Premier League,Matchweek 3,Sun,Away,D,1.0,1.0,Chelsea,1,9.0,3.0,33.3,0.11,0.33,20.6,1.0,0,0,0.5,0.5,0.06,0.5,0.5,Match Report,2025,Crystal Palace
4,2024-09-14,15:00,Premier League,Matchweek 4,Sat,Home,D,2.0,2.0,Leicester City,2,19.0,3.0,15.8,0.05,0.33,15.4,1.0,1,1,2.5,1.7,0.09,-0.5,-0.7,Match Report,2025,Crystal Palace
5,2024-09-17,19:45,EFL Cup,Third round,Tue,Away,W,2.0,1.0,QPR,2,8.0,4.0,50.0,0.25,0.5,,,0,0,,,,,,Match Report,2025,Crystal Palace
6,2024-09-21,17:30,Premier League,Matchweek 5,Sat,Home,D,0.0,0.0,Manchester Utd,0,9.0,4.0,44.4,0.0,0.0,14.6,0.0,0,0,1.0,1.0,0.12,-1.0,-1.0,Match Report,2025,Crystal Palace
7,2024-09-28,15:00,Premier League,Matchweek 6,Sat,Away,L,1.0,2.0,Everton,1,17.0,4.0,23.5,0.06,0.25,17.3,1.0,0,0,0.9,0.9,0.06,0.1,0.1,Match Report,2025,Crystal Palace
8,2024-10-05,12:30,Premier League,Matchweek 7,Sat,Home,L,0.0,1.0,Liverpool,0,9.0,5.0,55.6,0.0,0.0,21.9,0.0,0,0,0.6,0.6,0.07,-0.6,-0.6,Match Report,2025,Crystal Palace
9,2024-10-21,20:00,Premier League,Matchweek 8,Mon,Away,L,0.0,1.0,Nott'ham Forest,0,20.0,7.0,35.0,0.0,0.0,21.1,0.0,0,0,1.0,1.0,0.05,-1.0,-1.0,Match Report,2025,Crystal Palace
10,2024-10-27,14:00,Premier League,Matchweek 9,Sun,Home,W,1.0,0.0,Tottenham,1,14.0,6.0,42.9,0.07,0.17,19.6,1.0,0,0,0.8,0.8,0.06,0.2,0.2,Match Report,2025,Crystal Palace
11,2024-10-30,19:45,EFL Cup,Fourth round,Wed,Away,W,2.0,1.0,Aston Villa,2,12.0,2.0,16.7,0.17,1.0,,,0,0,,,,,,Match Report,2025,Crystal Palace
12,2024-11-02,17:30,Premier League,Matchweek 10,Sat,Away,D,2.0,2.0,Wolves,2,19.0,6.0,31.6,0.11,0.33,13.3,0.0,0,0,2.4,2.4,0.13,-0.4,-0.4,Match Report,2025,Crystal Palace
13,2024-11-09,15:00,Premier League,Matchweek 11,Sat,Home,L,0.0,2.0,Fulham,0,13.0,4.0,30.8,0.0,0.0,17.1,0.0,0,0,1.5,1.5,0.12,-1.5,-1.5,Match Report,2025,Crystal Palace
14,2024-11-23,15:00,Premier League,Matchweek 12,Sat,Away,D,2.0,2.0,Aston Villa,2,13.0,6.0,46.2,0.15,0.33,18.3,1.0,0,0,1.3,1.3,0.1,0.7,0.7,Match Report,2025,Crystal Palace
15,2024-11-30,15:00,Premier League,Matchweek 13,Sat,Home,D,1.0,1.0,Newcastle Utd,1,16.0,3.0,18.8,0.06,0.33,13.6,0.0,0,0,1.7,1.7,0.11,-0.7,-0.7,Match Report,2025,Crystal Palace
16,2024-12-03,19:30,Premier League,Matchweek 14,Tue,Away,W,1.0,0.0,Ipswich Town,1,13.0,3.0,23.1,0.08,0.33,15.2,0.0,0,0,1.6,1.6,0.13,-0.6,-0.6,Match Report,2025,Crystal Palace
17,2024-12-07,15:00,Premier League,Matchweek 15,Sat,Home,D,2.0,2.0,Manchester City,2,12.0,3.0,25.0,0.17,0.67,19.1,0.0,0,0,1.3,1.3,0.11,0.7,0.7,Match Report,2025,Crystal Palace
18,2024-12-15,14:00,Premier League,Matchweek 16,Sun,Away,W,3.0,1.0,Brighton,3,13.0,5.0,38.5,0.23,0.6,12.6,0.0,0,0,2.2,2.2,0.18,0.8,0.8,Match Report,2025,Crystal Palace
19,2024-12-18,19:30,EFL Cup,Quarter-finals,Wed,Away,L,2.0,3.0,Arsenal,2,8.0,4.0,50.0,0.25,0.5,,,0,0,,,,,,Match Report,2025,Crystal Palace
20,2024-12-21,17:30,Premier League,Matchweek 17,Sat,Home,L,1.0,5.0,Arsenal,1,15.0,6.0,40.0,0.07,0.17,16.3,0.0,0,0,1.6,1.6,0.11,-0.6,-0.6,Match Report,2025,Crystal Palace
21,2024-12-26,15:00,Premier League,Matchweek 18,Thu,Away,D,0.0,0.0,Bournemouth,0,10.0,4.0,40.0,0.0,0.0,19.4,0.0,0,0,0.4,0.4,0.04,-0.4,-0.4,Match Report,2025,Crystal Palace
22,2024-12-29,15:00,Premier League,Matchweek 19,Sun,Home,W,2.0,1.0,Southampton,2,19.0,9.0,47.4,0.11,0.22,17.4,2.0,0,0,2.0,2.0,0.11,0.0,0.0,Match Report,2025,Crystal Palace
23,2025-01-04,15:00,Premier League,Matchweek 20,Sat,Home,D,1.0,1.0,Chelsea,1,13.0,6.0,46.2,0.08,0.17,17.0,1.0,0,0,1.1,1.1,0.08,-0.1,-0.1,Match Report,2025,Crystal Palace
24,2025-01-12,15:00,FA Cup,Third round proper,Sun,Home,W,1.0,0.0,Stockport,1,13.0,3.0,23.1,0.08,0.33,,,0,0,,,,,,Match Report,2025,Crystal Palace
25,2025-01-15,19:30,Premier League,Matchweek 21,Wed,Away,W,2.0,0.0,Leicester City,2,9.0,4.0,44.4,0.22,0.5,13.3,0.0,0,0,1.8,1.8,0.2,0.2,0.2,Match Report,2025,Crystal Palace
26,2025-01-18,15:00,Premier League,Matchweek 22,Sat,Away,W,2.0,0.0,West Ham,2,11.0,6.0,54.5,0.09,0.17,21.9,0.0,1,1,1.3,0.5,0.05,0.7,0.5,Match Report,2025,Crystal Palace
27,2025-01-26,14:00,Premier League,Matchweek 23,Sun,Home,L,1.0,2.0,Brentford,1,16.0,5.0,31.3,0.06,0.2,19.5,2.0,0,0,1.1,1.1,0.07,-0.1,-0.1,Match Report,2025,Crystal Palace
28,2025-02-02,14:00,Premier League,Matchweek 24,Sun,Away,W,2.0,0.0,Manchester Utd,2,11.0,3.0,27.3,0.18,0.67,14.4,0.0,0,0,2.6,2.6,0.24,-0.6,-0.6,Match Report,2025,Crystal Palace
29,,,,,,,--,,,,38,382.0,131.0,34.3,0.09,0.27,17.3,11.0,2,2,,,0.1,38.0,36.0,,2025,Crystal Palace
0,2024-08-10,15:00,FA Community Shield,FA Community Shield,Sat,Away,D,1 (6),1 (7),Manchester City,1,8.0,2.0,25.0,0.13,0.5,,,0,0,,,,,,Match Report,2025,Manchester United
1,2024-08-16,20:00,Premier League,Matchweek 1,Fri,Home,W,1,0,Fulham,1,14.0,5.0,35.7,0.07,0.2,17.6,0.0,0,0,2.4,2.4,0.17,-1.4,-1.4,Match Report,2025,Manchester United
2,2024-08-24,12:30,Premier League,Matchweek 2,Sat,Away,L,1,2,Brighton,1,11.0,3.0,27.3,0.09,0.33,16.3,0.0,0,0,1.4,1.4,0.13,-0.4,-0.4,Match Report,2025,Manchester United
3,2024-09-01,16:00,Premier League,Matchweek 3,Sun,Home,L,0,3,Liverpool,0,8.0,3.0,37.5,0.0,0.0,15.6,0.0,0,0,1.4,1.4,0.17,-1.4,-1.4,Match Report,2025,Manchester United
4,2024-09-14,12:30,Premier League,Matchweek 4,Sat,Away,W,3,0,Southampton,3,20.0,10.0,50.0,0.15,0.3,17.4,0.0,0,0,2.6,2.6,0.13,0.4,0.4,Match Report,2025,Manchester United
5,2024-09-17,20:00,EFL Cup,Third round,Tue,Home,W,7,0,Barnsley,7,26.0,13.0,50.0,0.23,0.46,,,1,1,,,,,,Match Report,2025,Manchester United
6,2024-09-21,17:30,Premier League,Matchweek 5,Sat,Away,D,0,0,Crystal Palace,0,15.0,6.0,40.0,0.0,0.0,13.9,0.0,0,0,1.6,1.6,0.12,-1.6,-1.6,Match Report,2025,Manchester United
7,2024-09-25,20:00,Europa Lg,League phase,Wed,Home,D,1,1,nl Twente,1,19.0,5.0,26.3,0.05,0.2,15.5,0.0,0,0,1.3,1.3,0.07,-0.3,-0.3,Match Report,2025,Manchester United
8,2024-09-29,16:30,Premier League,Matchweek 6,Sun,Home,L,0,3,Tottenham,0,11.0,2.0,18.2,0.0,0.0,15.1,0.0,0,0,1.0,1.0,0.09,-1.0,-1.0,Match Report,2025,Manchester United
9,2024-10-03,20:00,Europa Lg,League phase,Thu,Away,D,3,3,pt Porto,3,29.0,8.0,27.6,0.1,0.38,18.3,0.0,0,0,1.6,1.6,0.06,1.4,1.4,Match Report,2025,Manchester United
10,2024-10-06,14:00,Premier League,Matchweek 7,Sun,Away,D,0,0,Aston Villa,0,10.0,4.0,40.0,0.0,0.0,21.5,1.0,0,0,0.6,0.6,0.06,-0.6,-0.6,Match Report,2025,Manchester United
11,2024-10-19,15:00,Premier League,Matchweek 8,Sat,Home,W,2,1,Brentford,2,23.0,11.0,47.8,0.09,0.18,18.7,0.0,0,0,1.3,1.3,0.06,0.7,0.7,Match Report,2025,Manchester United
12,2024-10-24,22:00,Europa Lg,League phase,Thu,Away,D,1,1,tr Fenerbahçe,1,12.0,5.0,41.7,0.08,0.2,17.5,1.0,0,0,1.1,1.1,0.1,-0.1,-0.1,Match Report,2025,Manchester United
13,2024-10-27,14:00,Premier League,Matchweek 9,Sun,Away,L,1,2,West Ham,1,18.0,5.0,27.8,0.06,0.2,18.0,1.0,0,0,2.3,2.3,0.13,-1.3,-1.3,Match Report,2025,Manchester United
14,2024-10-30,19:45,EFL Cup,Fourth round,Wed,Home,W,5,2,Leicester City,5,23.0,9.0,39.1,0.22,0.56,,,0,0,,,,,,Match Report,2025,Manchester United
15,2024-11-03,16:30,Premier League,Matchweek 10,Sun,Home,D,1,1,Chelsea,1,10.0,3.0,30.0,0.0,0.0,18.3,1.0,1,1,2.0,1.2,0.12,-1.0,-1.2,Match Report,2025,Manchester United
16,2024-11-07,20:00,Europa Lg,League phase,Thu,Home,W,2,0,gr PAOK,2,16.0,4.0,25.0,0.13,0.5,14.8,0.0,0,0,1.1,1.1,0.07,0.9,0.9,Match Report,2025,Manchester United
17,2024-11-10,14:00,Premier League,Matchweek 11,Sun,Home,W,3,0,Leicester City,2,13.0,3.0,23.1,0.15,0.67,19.3,0.0,0,0,0.8,0.8,0.06,1.2,1.2,Match Report,2025,Manchester United
18,2024-11-24,16:30,Premier League,Matchweek 12,Sun,Away,D,1,1,Ipswich Town,1,11.0,4.0,36.4,0.09,0.25,17.6,1.0,0,0,0.8,0.8,0.07,0.2,0.2,Match Report,2025,Manchester United
19,2024-11-28,20:00,Europa Lg,League phase,Thu,Home,W,3,2,no Bodø/Glimt,3,20.0,6.0,30.0,0.15,0.5,16.5,0.0,0,0,2.9,2.9,0.15,0.1,0.1,Match Report,2025,Manchester United
20,2024-12-01,13:30,Premier League,Matchweek 13,Sun,Home,W,4,0,Everton,4,11.0,5.0,45.5,0.36,0.8,15.1,0.0,0,0,1.1,1.1,0.1,2.9,2.9,Match Report,2025,Manchester United
21,2024-12-04,20:15,Premier League,Matchweek 14,Wed,Away,L,0,2,Arsenal,0,5.0,2.0,40.0,0.0,0.0,17.7,0.0,0,0,0.2,0.2,0.04,-0.2,-0.2,Match Report,2025,Manchester United
22,2024-12-07,17:30,Premier League,Matchweek 15,Sat,Home,L,2,3,Nott'ham Forest,2,17.0,7.0,41.2,0.12,0.29,18.7,1.0,0,0,1.6,1.6,0.1,0.4,0.4,Match Report,2025,Manchester United
23,2024-12-12,18:45,Europa Lg,League phase,Thu,Away,W,2,1,cz Viktoria Plzeň,2,17.0,8.0,47.1,0.12,0.25,14.7,0.0,0,0,2.9,2.9,0.17,-0.9,-0.9,Match Report,2025,Manchester United
24,2024-12-15,16:30,Premier League,Matchweek 16,Sun,Away,W,2,1,Manchester City,2,9.0,2.0,22.2,0.11,0.5,17.9,0.0,1,1,2.1,1.3,0.14,-0.1,-0.3,Match Report,2025,Manchester United
25,2024-12-19,20:00,EFL Cup,Quarter-finals,Thu,Away,L,3,4,Tottenham,3,20.0,5.0,25.0,0.15,0.6,,,0,0,,,,,,Match Report,2025,Manchester United
26,2024-12-22,14:00,Premier League,Matchweek 17,Sun,Home,L,0,3,Bournemouth,0,23.0,7.0,30.4,0.0,0.0,17.7,1.0,0,0,2.2,2.2,0.1,-2.2,-2.2,Match Report,2025,Manchester United
27,2024-12-26,17:30,Premier League,Matchweek 18,Thu,Away,L,0,2,Wolves,0,11.0,4.0,36.4,0.0,0.0,19.2,0.0,0,0,0.4,0.4,0.04,-0.4,-0.4,Match Report,2025,Manchester United
28,2024-12-30,20:00,Premier League,Matchweek 19,Mon,Home,L,0,2,Newcastle Utd,0,10.0,0.0,0.0,0.0,,16.6,0.0,0,0,0.8,0.8,0.09,-0.8,-0.8,Match Report,2025,Manchester United
29,2025-01-05,16:30,Premier League,Matchweek 20,Sun,Away,D,2,2,Liverpool,2,13.0,4.0,30.8,0.15,0.5,15.4,0.0,0,0,1.0,1.0,0.08,1.0,1.0,Match Report,2025,Manchester United
30,2025-01-12,15:00,FA Cup,Third round proper,Sun,Away,D,1 (5),1 (3),Arsenal,1,7.0,4.0,57.1,0.14,0.25,,,0,0,,,,,,Match Report,2025,Manchester United
31,2025-01-16,20:00,Premier League,Matchweek 21,Thu,Home,W,3,1,Southampton,3,23.0,9.0,39.1,0.13,0.33,15.0,0.0,0,0,3.4,3.4,0.15,-0.4,-0.4,Match Report,2025,Manchester United
32,2025-01-19,14:00,Premier League,Matchweek 22,Sun,Home,L,1,3,Brighton,1,9.0,0.0,0.0,0.0,,16.4,0.0,1,1,1.5,0.7,0.08,-0.5,-0.7,Match Report,2025,Manchester United
33,2025-01-23,20:00,Europa Lg,League phase,Thu,Home,W,2,1,sct Rangers,1,16.0,6.0,37.5,0.06,0.17,14.7,0.0,0,0,2.7,2.7,0.17,-1.7,-1.7,Match Report,2025,Manchester United
34,2025-01-26,19:00,Premier League,Matchweek 23,Sun,Away,W,1,0,Fulham,1,4.0,1.0,25.0,0.25,1.0,19.9,1.0,0,0,0.3,0.3,0.06,0.7,0.7,Match Report,2025,Manchester United
35,2025-01-30,22:00,Europa Lg,League phase,Thu,Away,W,2,0,ro FCSB,2,21.0,7.0,33.3,0.1,0.29,14.4,2.0,0,0,2.9,2.9,0.14,-0.9,-0.9,Match Report,2025,Manchester United
36,2025-02-02,14:00,Premier League,Matchweek 24,Sun,Home,L,0,2,Crystal Palace,0,17.0,2.0,11.8,0.0,0.0,15.3,0.0,0,0,1.1,1.1,0.07,-1.1,-1.1,Match Report,2025,Manchester United
37,,,,,,,--,,,,59,550.0,184.0,33.5,0.1,0.3,16.8,10.0,4,4,,,0.1,59.0,55.0,,2025,Manchester United
